-1.059058,0.021045,0.179517,-14.951908,-3.438168,-13.915267,1.079835,0.240905,0.259152,37.131248,35.99963,30.075474,0
-0.798413,0.242432,0.143359,-15.743511,19.182443,-27.351145,0.827804,0.34904,0.409143,21.433329,35.335693,31.389522,2
-1.193457,0.203613,0.048218,12.731298,11.875573,-1.89313,1.199242,0.215894,0.085736,14.36151,21.475422,17.65944,2
-0.768115,0.25979,0.066675,2.899237,-44.025954,-9.253435,0.777242,0.268249,0.136072,21.131775,47.614573,24.624956,2
-0.918213,-0.068433,0.091528,22.231298,-32.487786,-10.174809,0.935938,0.287486,0.220023,76.169144,47.713579,20.955697,0
-0.861182,0.008936,0.021436,-21.5,-20.533588,10.284733,1.268376,0.607381,0.647719,87.817337,94.767803,112.868071,1
-0.870166,-0.130176,-0.069189,6.239695,1.49084,-24.063359,1.237011,0.56189,0.291283,99.872759,110.701264,117.144521,1
-0.608008,0.085767,-0.054419,-4.450382,-0.922901,-11.436641,1.110745,0.406238,0.542128,93.193446,89.923329,96.638879,1
-0.764722,0.209448,0.052686,-26.161069,3.924427,-4.978626,0.828881,0.250529,0.204676,33.040864,32.38898,19.558362,2
-0.896265,0.132935,-0.025586,-45.259542,31.732824,19.980916,0.959097,0.299204,0.160982,71.415238,46.227414,30.503629,0
-1.00437,0.233008,0.291748,4.505344,-7.590076,-14.28855,1.017488,0.484984,0.339826,41.636553,33.413809,22.645912,2
-0.790723,0.315479,0.140625,-12.409924,25.992366,8.335115,1.227412,0.507982,0.298372,42.239889,61.054491,35.513942,1
-0.648853,0.306812,0.059204,-30.693893,23.039695,-9.760305,0.658097,0.376226,0.127223,37.435194,32.025288,25.024289,2
-0.416895,0.075977,0.050366,8.405344,19.550382,-18.924427,0.994949,0.720258,0.216166,37.785078,49.733209,65.875394,1
-0.950732,0.110889,0.025146,29.470229,-2.218321,-1.196947,0.977183,0.284731,0.162158,56.429769,43.867184,27.75045,0
-0.606519,0.138672,0.10481,-20.242748,7.479389,-5.292366,1.108456,0.468297,0.248319,52.965015,75.071049,54.401892,1
-0.522949,0.266553,0.18064,8.538931,-4.124427,-13.909924,1.051272,0.740262,0.441209,66.922222,110.425729,106.820674,1
-0.327026,0.411377,0.185376,12.21374,-4.596947,-2.235115,0.836777,0.791321,0.475067,91.060059,110.019034,68.621937,1
-0.876562,0.44397,0.112866,-29.396183,-9.761832,-13.751145,0.915,0.486832,0.302272,49.693818,53.564033,20.422476,2
-0.887524,0.090942,0.029687,36.722137,-4.99313,3.098473,0.962801,0.357668,0.166594,71.588874,52.403165,42.64906,0
-0.8375,0.276807,0.246777,71.096183,-1.572519,-53.723664,0.850505,0.320439,0.257129,73.999307,16.844188,67.600769,2
-0.661035,0.164697,0.014526,-61.60687,38.661832,-13.818321,0.67366,0.205684,0.083535,65.255732,41.265707,20.950742,2
-0.914868,0.019727,-0.018188,-46.596947,27.958779,9.233588,0.998049,0.250273,0.248498,69.407549,41.779979,28.070708,0
-0.706494,0.255957,-0.099683,25.029771,3.810687,3.074046,1.187495,0.830205,0.589309,117.207448,107.805073,119.948255,1
-0.991187,0.096143,-0.024512,-13.780153,-27.60458,34.363359,1.009702,0.138309,0.093623,15.959173,46.688424,36.926387,2
-0.739233,0.336346,0.231885,-8.664885,-39.548092,-0.1,1.085307,0.747685,0.657008,103.231954,110.096067,105.39041,1
-1.03501,0.273462,-0.182861,-5.321374,21.374046,0.80229,1.039286,0.291958,0.224894,14.392671,23.558148,9.474327,2
-0.773975,-0.061963,0.040356,-12.592366,2.276336,2.048092,1.16862,0.539516,0.52402,68.019613,107.602066,69.197699,1
-0.770483,0.135596,0.05144,-30.499237,23.08626,13.806107,0.7938,0.164552,0.123515,34.094411,42.645336,29.064449,2
-1.024658,0.096411,-0.056421,-8.896183,22.651908,11.865649,1.089542,0.199428,0.164543,43.550333,36.07599,22.408922,0
-0.967993,0.380762,0.251733,34.292366,-47.261832,15.141985,0.97851,0.386898,0.266321,42.921902,53.342626,26.385683,2
-0.751367,0.265918,0.034985,-22.657252,5.760305,7.824427,0.773158,0.271928,0.077879,27.445308,18.947383,31.744014,2
-0.813477,0.072339,0.19541,9.421374,5.312214,-20.358779,0.819204,0.126144,0.2031,34.436866,13.189068,22.150548,2
-0.845288,0.334448,0.240576,7.203817,7.433588,-3.023664,0.888455,0.474587,0.286797,42.76251,26.193893,19.325045,2
-1.011768,-0.053906,0.059375,1.979389,-11.077863,-5.479389,1.021769,0.292793,0.119574,32.877301,19.504002,33.961362,0
-0.861206,0.365967,0.190503,13.176336,14.072519,-4.112214,0.867375,0.432257,0.222339,39.913525,23.298211,17.805389,2
-0.998413,0.07771,-0.051831,-5.700763,16.043511,18.092366,1.043753,0.202189,0.203508,39.474189,38.393393,19.767082,0
-0.922461,0.125903,0.159131,-41.20229,7.358015,2.922137,0.997235,0.229933,0.249109,54.363325,44.53129,29.229395,0
-1.122778,0.10249,-0.045386,-15.864122,-32.08855,47.11145,1.134255,0.148233,0.1411,22.753967,35.943418,47.748963,2
-0.98501,0.019043,0.004687,-5.100763,-16.709924,1.577863,0.98836,0.051114,0.043141,7.19037,18.609508,11.161388,0
-0.503296,0.153882,-0.051514,-9.166412,0.882443,32.035878,0.952362,0.779407,0.686777,104.78766,129.43996,81.387473,1
-0.589893,0.110547,0.353027,29.066412,17.327481,-5.500763,1.14068,0.636341,0.735401,87.467015,94.769809,96.252325,1
-0.930225,0.426562,0.3677,57.846565,-14.821374,-18.825954,1.053022,0.568892,0.480389,69.478881,42.778642,40.364418,2
-1.02395,0.022485,0.203784,11.00458,17.039695,-17.287786,1.048739,0.105057,0.267416,36.670404,40.398875,28.644503,0
-0.827393,0.450708,0.146167,-19.126718,-1.312977,-15.373282,0.8619,0.503419,0.234586,34.697674,38.239902,21.373353,2
-0.702991,0.089465,0.103235,-16.194656,10.526718,-0.335115,1.157808,0.479423,0.203794,47.994162,69.814437,41.918063,1
-0.913232,0.322876,-0.03645,-18.118321,53.312214,-16.612214,0.936021,0.346209,0.142475,23.589864,60.345606,19.738721,2
-0.969971,0.130591,-0.020312,-18.664122,23.483206,13.934351,1.026286,0.234445,0.229574,58.982736,33.712678,24.205149,0
-0.894897,0.40271,0.14895,-15.893893,-1.055725,-10.274046,0.918213,0.468469,0.245279,20.953644,44.223542,22.745224,2
-0.850098,0.00332,-0.005371,20.379389,-34.935115,-7.091603,0.863373,0.267336,0.082916,47.161894,49.713753,27.739966,0
-0.971533,-0.073682,0.078662,26.126718,-32.092366,-11.812977,1.005158,0.266312,0.155073,60.634174,43.364941,25.546556,0
-0.717041,0.153052,0.215186,-9.963359,-1.335115,-16.20916,1.075089,0.518691,0.570479,49.794708,103.009993,83.459163,1
-0.89375,0.009546,0.021899,-30.761832,22.184733,9.574809,0.942834,0.102274,0.18368,49.839869,35.515249,22.324096,0
-0.937769,0.315894,0.156689,-31.490076,5.661832,-23.998473,0.979698,0.396946,0.259482,40.767267,29.65609,29.387914,2
-0.916284,0.109985,0.158643,-21.343511,21.772519,-0.556489,0.929427,0.143826,0.18349,32.804992,38.372491,14.741982,0
-1.059473,0.010669,0.113062,-21.316794,-1.382443,-14.101527,1.083188,0.340314,0.195946,45.739378,41.108498,31.486282,0
-1.111572,-0.017261,0.146826,-11.147328,-2.462595,-11.332824,1.132663,0.307661,0.236455,29.795053,37.929979,24.09351,0
-0.518555,0.135278,0.348114,44.881679,-0.587786,-10.356489,1.111522,0.332545,0.706598,71.568802,96.407293,114.596951,1
-0.914526,0.182617,0.092187,-17.844275,6.352672,5.831298,1.301032,0.564721,0.323607,71.162335,85.109987,101.796467,1
-0.823999,0.033691,0.033569,35.366412,-18.164885,-3.761832,0.833925,0.213645,0.097023,57.337461,37.251137,21.26864,0
-0.683069,-0.002502,-0.084167,-4.872519,-6.972519,12.265649,1.066146,0.379988,0.435134,94.059474,77.518404,110.693214,1
-0.792896,0.209985,0.12854,-0.401527,1.415267,-13.084733,0.803403,0.262501,0.137841,14.145235,10.99507,18.854582,2
-0.386182,0.054663,0.174902,6.798473,19.508397,-19.59542,1.028742,0.54964,0.404351,61.805704,90.912427,91.175179,1
-0.923828,0.096387,0.0198,-16.270992,10.760305,2.61374,0.987182,0.343121,0.146697,60.310385,27.24632,32.372231,0
-0.887842,0.038989,0.22998,15.024427,-27.793893,-1.608397,1.296581,0.845997,0.72978,115.159088,89.392918,108.656613,1
-0.909424,0.33584,0.039355,-7.773282,4.825954,-11.685496,1.304186,0.603536,0.558059,101.359992,115.396822,104.995797,1
-0.844684,0.374402,0.162439,-4.764122,25.408397,17.122137,1.229496,0.704931,0.689268,48.126754,58.279225,81.763442,1
-0.896606,0.069653,0.080518,34.591603,-10.842748,3.69313,0.909869,0.340843,0.147763,73.637784,51.716625,27.819942,0
-0.847925,0.219214,0.034375,-13.453435,14.6,-21.682443,0.870287,0.283755,0.212516,27.78694,27.180049,28.37986,2
-0.818774,0.236035,0.172607,3.974809,-1.570992,4.457252,0.846462,0.457089,0.243631,45.265291,17.571027,16.982799,2
-0.605322,0.228906,0.18147,-48.212214,9.506107,-15.61145,1.02721,0.967202,0.610327,127.461975,107.812074,127.591782,1
-0.955347,0.194995,0.21853,22.545038,2.819847,12.449618,1.037685,0.597147,0.34422,76.046196,43.115314,30.652462,2
-0.924878,0.174805,0.01875,-54.80229,6.943511,12.946565,0.965423,0.199359,0.104215,79.694371,21.707091,21.40224,0
-0.815283,0.246143,0.063647,-45.842748,49.293893,-6.301527,0.83939,0.292649,0.262646,53.530294,54.471916,13.212056,2
-0.844751,0.134644,0.161743,5.333588,-9.889313,-24.930534,0.865914,0.284497,0.193756,29.426727,25.09341,28.949758,2
-0.852393,0.040918,-0.076978,-36.529771,29.135878,17.577863,0.909897,0.117012,0.150052,57.530182,46.786867,28.086455,0
-0.843359,0.318213,0.12644,-51.937405,44.858779,0.51145,0.8765,0.338167,0.287877,66.006832,51.394019,18.322584,2
-0.889307,0.124561,0.017456,-12.492366,29.153435,25.234351,1.272225,0.415988,0.494253,29.614324,80.70435,95.281851,1
-1.002783,0.002808,0.227997,18.927481,-10.829008,3.315267,1.414059,0.832875,0.677024,98.89367,112.695542,146.477198,1
-0.968628,0.104321,0.108643,25.118321,-10.930534,0.50687,1.020598,0.326507,0.164301,59.345237,44.662832,24.190957,0
-0.913428,0.277881,0.195288,1.561832,13.68855,3.643511,0.93296,0.292498,0.218309,14.993352,26.184201,17.882566,2
-0.866315,0.007465,0.03454,32.615267,10.903053,-6.359542,1.344442,0.52088,0.426615,105.335131,100.385384,130.427346,1
-0.949414,0.089624,0.085547,-43.791603,6.126718,-1.08855,1.020661,0.286211,0.123548,79.219756,32.950837,43.559956,0
-1.027271,0.257983,0.041309,-5.864885,35.852672,-35.415267,1.067599,0.323665,0.076831,13.783983,38.796818,40.811676,2
-1.162451,-0.021924,-0.210718,-11.387023,-12.446565,17.749618,1.16774,0.076687,0.215463,16.704289,23.983708,27.956487,2
-0.779858,0.082812,0.126025,-11.017557,-9.040458,-20.687786,1.181883,0.526676,0.66768,62.572981,102.846789,105.753514,1
-0.827051,0.009497,0.334393,-7.575573,-9.435115,23.310687,1.243126,0.503531,0.745274,79.621933,150.917231,113.024937,1
-0.903857,0.301001,0.226953,-3.535878,-1.836641,-21.173282,0.923423,0.516799,0.256409,71.763282,32.634242,27.859148,2
-0.751758,0.193774,0.066479,-20.138931,18.642748,6.408397,0.765804,0.216065,0.103852,27.387415,30.422451,22.704907,2
-0.918457,-0.088672,0.017432,22.432824,-24.514504,-8.735878,0.930959,0.176012,0.055193,43.386993,37.004732,22.495452,0
-0.75459,0.034546,0.007593,-37.781679,5.971756,13.061832,1.095772,0.31454,0.390071,50.63556,85.571099,63.358534,1
-0.752075,0.257495,0.038599,-9.999237,13.629008,-15.671756,0.79283,0.284007,0.119025,16.229903,28.181649,18.581981,2
-0.875244,0.300366,0.307031,23.79313,0.722137,5.41374,0.891726,0.456072,0.369255,43.352579,24.444415,25.868915,2
-0.70835,0.197314,-0.015601,-11.983969,-0.259542,-7.451145,0.722523,0.224924,0.086736,18.403424,38.752822,22.098564,2
-0.903857,-0.067358,0.008008,19.338931,-26.616031,-4.712214,0.912708,0.165771,0.046944,46.930824,32.585852,26.926546,0
-0.711182,0.171362,0.013525,-25.843511,-22.098473,-17.423664,1.153005,0.604602,0.486623,121.664852,63.34397,85.872949,1
-0.762085,0.253217,0.220331,-17.917557,-28.834351,5.568702,1.102331,0.704492,0.698567,85.335425,110.074682,95.871655,1
-1.229297,0.011157,-0.028149,-0.006107,-25.712977,40.901527,1.231306,0.082795,0.059738,14.458289,30.632574,44.03945,2
-0.867456,0.140503,0.158301,-25.833588,2.247328,2.936641,1.250019,0.593288,0.613901,58.408435,94.792017,71.757642,1
-0.973633,0.024438,0.096143,-28.603053,5.532824,-9.243511,1.035991,0.266546,0.16393,49.405674,38.902572,36.288079,0
-1.038306,-0.00354,0.140112,-33.945802,0.807634,-1.035878,1.070053,0.149149,0.249268,59.660343,40.05118,25.664942,0
-1.115112,-0.043262,0.118359,1.368702,-10.163359,-14.553435,1.136581,0.304035,0.226665,43.254896,29.61411,28.921185,0
-0.906055,0.067114,0.129907,-38.345038,11.20916,2.317557,0.957283,0.170501,0.213902,60.777568,34.907326,35.393732,0
-0.553882,0.19668,0.187158,10.236641,6.196183,6.157252,1.065603,0.427345,0.47734,64.77789,65.822871,94.47556,1
-0.433862,0.450043,0.211523,51.159542,19.683206,1.003053,1.079103,0.796948,0.536528,114.630062,82.969171,114.279296,1
-1.036719,0.100708,-0.046094,-4.661832,32.976336,-24.073282,1.047204,0.144414,0.093339,14.194235,34.066421,26.5967,2
-1.071265,0.118286,-0.066333,11.099237,6.616031,-2.780916,1.112113,0.220415,0.243872,33.699957,49.174813,23.853344,0
-0.92041,0.089526,-0.031299,-36.581679,34.157252,22.123664,1.014441,0.262938,0.129731,60.434059,51.503816,31.531755,0
-0.943652,0.036084,0.023682,-18.000763,3.008397,18.10916,1.331186,0.797445,0.658449,105.986375,143.250656,126.676521,1
-0.784985,0.433002,0.342822,-9.528244,1.31145,9.038931,1.207154,0.895149,0.795433,99.604662,121.392759,100.90473,1
-0.861792,0.255518,0.009424,25.364122,21.780916,15.025191,1.213549,0.507043,0.30432,59.564018,72.405732,75.654989,1
-1.026538,-0.030713,0.093311,-0.00229,-23.532824,-14.836641,1.056294,0.273329,0.201065,29.036104,34.945762,29.05846,0
-0.706226,0.265088,0.137524,-15.881679,34.038168,-7.592366,0.71549,0.35285,0.278305,32.789067,42.554573,19.147245,2
-0.513037,0.130884,0.252588,-41.454962,11.380916,-3.456489,1.03603,0.600449,0.455617,93.80648,101.648742,92.043889,1
-0.898926,0.257446,0.100146,-16.69771,-2.963359,-16.841985,0.941736,0.414661,0.205699,26.897201,25.440968,24.710594,2
-1.07981,-0.077686,0.085645,4.89542,-19.238931,-15.650382,1.112167,0.312977,0.240709,54.62128,30.618467,24.972944,0
-0.982788,0.117212,0.253027,-6.996947,-15.977863,7.396947,0.996212,0.383829,0.325619,41.413854,52.126452,22.179505,2
-0.984302,0.205902,0.059906,-13.387786,-0.234351,-4.743511,1.350033,0.694361,0.756195,70.223005,110.10106,119.447927,1
-1.079614,0.002295,0.093066,9.920611,-4.612977,-20.71374,1.094804,0.312668,0.132604,26.183247,23.593919,30.429287,0
-0.726416,-0.110767,0.084668,-1.757252,15.251145,5.130534,1.085432,0.753021,0.424416,86.160106,118.950602,103.696947,1
-0.922705,0.26626,0.071143,-3.151145,-0.454198,-0.112977,0.922758,0.266635,0.071472,3.635569,0.877049,0.844994,2
-0.642187,0.171484,0.316309,11.872519,11.023664,6.08855,1.045566,0.450815,0.589504,89.443024,68.847517,108.554743,1
-0.969043,0.102002,-0.065991,-7.977863,20.187786,18.553435,1.046858,0.243862,0.251327,51.681209,38.348784,25.794647,0
-0.67644,0.270776,0.220679,17.029008,-2.230534,-21.777099,0.684646,0.378725,0.231464,28.395213,20.130326,26.494964,2
-0.648096,0.302344,0.037671,2.649618,0.079389,-2.771756,0.651758,0.312282,0.102542,11.878206,23.316933,16.393861,2
-0.58623,0.288177,0.320404,-23.685496,-7.606107,4.503053,1.05582,0.730189,0.794742,62.064719,77.041053,104.820005,1
-0.902051,0.269189,0.083374,8.131298,32.049618,-23.826718,0.92047,0.281856,0.121008,16.325925,34.006718,24.963726,2
-1.374438,0.243726,0.100342,5.796947,-14.873282,18.092366,1.383705,0.255005,0.118947,11.873212,32.948061,35.47065,2
-0.805591,-0.051025,0.112085,4.777099,-27.282443,-6.453435,1.156287,0.568922,0.375673,108.922314,123.328453,103.377452,1
-0.89248,0.323218,0.267188,11.761069,-11.165649,-3.023664,0.913962,0.517134,0.463784,58.483585,36.037576,12.900035,2
-1.073389,0.144385,-0.022583,-8.112977,16.680153,6.733588,1.118428,0.334807,0.244235,25.812845,24.909474,15.969881,0
-0.926367,0.060132,0.103833,-53.29084,18.856489,1.162595,1.034025,0.208359,0.242126,71.439956,41.036834,36.329103,0
-0.832446,0.028125,0.123315,31.132824,-22.141985,2.351145,0.84403,0.157933,0.14672,36.183825,29.464947,14.627029,2
-1.021802,0.152612,-0.032666,29.562595,3,4.99313,1.062226,0.271509,0.207011,57.406423,51.823475,24.213721,0
-0.949707,-0.012939,-0.015796,-2.61374,17.496947,22.641985,0.989024,0.126893,0.107083,38.021089,27.625732,28.917875,0
-0.995898,-0.009033,0.167285,-37.959542,5.070992,2.220611,1.063996,0.236224,0.254334,62.033339,43.774176,35.672804,0
-0.936914,0.140332,0.093677,47.341221,-8.991603,-5.027481,0.938666,0.175868,0.107277,57.123209,14.417914,9.46031,2
-0.947998,0.063647,0.179932,-27.437405,6.046565,-6.416031,1.023802,0.208146,0.251117,43.798029,29.920368,28.952772,0
-0.000061,-0.000061,-0.000061,-0.007634,-0.007634,-0.007634,0.000061,0.000061,0.000061,0.007634,0.007634,0.007634,0
-0.802106,-0.154987,0.056244,-45.430534,-27.10916,-18.275573,1.20124,0.794386,0.35638,90.441409,78.760974,66.199743,1
-0.890991,-0.025952,0.043384,37.703053,-30.777099,-8.119084,0.913409,0.287492,0.11508,60.402388,40.27956,27.672789,0
-0.655573,0.276434,0.142792,-4.960305,3.636641,-6.872519,1.086488,0.633039,0.36367,110.505792,114.312407,108.909248,1
-0.675659,0.273828,0.24519,-5.087786,0.880153,-14.30458,0.69616,0.302168,0.261862,21.565162,16.567429,17.797052,2
-0.742749,0.25376,0.070752,-12.765649,15.930534,10.435878,0.756615,0.260999,0.098495,22.358885,33.792268,29.477669,2
-0.969141,0.291162,0.058179,-14.292366,23.823664,-22.596947,0.986535,0.303834,0.094325,19.780724,31.610626,23.134309,2
-0.919629,0.161743,0.139038,23.800763,-19.294656,-6.540458,0.919767,0.164911,0.139892,25.553375,19.709861,9.896255,2
-0.644385,0.026807,-0.209253,22.316794,-1.949618,-8.114504,0.990793,0.265255,0.493364,77.300807,91.474893,105.85328,1
-0.830103,0.099609,0.067529,31.831298,-19.647328,-0.277099,0.848752,0.322796,0.122522,62.513071,41.895298,27.960746,0
-0.935864,-0.017236,0.197144,-28.748855,4.584733,-5.999237,1.332831,0.582572,0.527546,78.878378,111.651445,104.555776,1
-0.897266,0.269849,0.37041,59.943511,-1.270229,-8.830534,0.986606,0.408374,0.463617,64.369215,30.277737,38.160269,2
-0.658698,0.127533,-0.071027,-0.432061,15.310687,2.771756,1.066801,0.366154,0.401915,44.340646,67.897583,52.199466,1
-0.952954,0.262915,0.261792,51.810687,-18.529771,-28.383969,0.963409,0.350057,0.285444,72.943816,26.453772,39.984077,2
-0.88291,0.084204,0.077856,-42.012977,14.99771,2.40458,0.953133,0.168393,0.188148,60.248552,36.081931,31.036178,0
-1.040088,0.491748,0.146143,2.831298,-11.58855,-2.341985,1.398982,0.869585,0.60595,81.789147,99.992243,94.547749,1
-0.827002,0.531665,0.226147,-29.668702,-1.19771,-14.99542,0.852669,0.625282,0.411703,45.163716,32.996499,20.793415,2
-0.756177,0.242603,0.081372,5.21374,-34.151908,15.269466,0.816971,0.251411,0.127422,22.129424,40.594556,55.842665,2
-1.098657,0.200098,0.035059,-9.763359,-32.809924,40.721374,1.117062,0.228116,0.090154,12.832363,37.915252,42.534062,2
-1.217871,0.057471,-0.146069,-2.399237,-8.335115,2.78855,1.226886,0.098654,0.15394,13.062066,18.986562,24.718104,2
-0.783179,0.303491,-0.103027,-30.105344,42.903053,-19.063359,0.811183,0.320752,0.16609,32.232137,47.328401,23.673562,2
-1.090308,-0.053052,0.139087,-14.415267,-4.296947,-14.568702,1.107219,0.319621,0.23727,33.37201,37.081141,28.619371,0
-0.978882,0.097144,0.024463,8.929771,6.362595,-3.418321,0.998577,0.256487,0.18483,58.735764,42.839138,27.805212,0
-1.022925,0.16626,0.0302,22.758015,5.540458,-0.38855,1.079629,0.316644,0.214159,56.701398,43.827402,29.496698,0
-0.880469,0.080615,-0.007739,-37.440458,20.725191,13.709924,0.954078,0.236978,0.199055,63.476693,40.266484,21.349218,0
-0.818237,-0.130713,0.229224,1.014504,-22.809924,-25.623664,1.298499,0.823273,0.538804,110.072925,129.577274,121.782708,1
-1.113208,0.109082,-0.00332,11.70687,7.100763,2.174046,1.158156,0.267271,0.298779,51.673123,47.517448,30.884651,0
-0.952563,0.120703,0.064185,32.744275,-6.846565,1.051145,0.996005,0.238256,0.10841,47.058283,55.438491,23.02831,0
-0.916284,0.050195,0.063599,-43.264885,18.735115,5.612977,0.996024,0.217829,0.25012,60.136526,33.757375,36.664826,0
-0.822583,0.389154,0.260272,-48.684733,4.01374,-0.746565,1.200502,0.768261,0.766059,81.376517,94.980532,78.455288,1
-0.623901,0.211621,-0.012158,-31.747328,6.218321,-11.424427,1.069161,0.507457,0.388707,97.850812,113.340655,108.092447,1
-0.481384,0.08988,-0.097815,37.337405,28.500763,7.573282,0.926959,0.297538,0.48086,79.91392,80.267053,101.12849,1
-0.840796,0.034277,0.041699,41.834351,-19.60916,-3.084733,0.860395,0.344685,0.126294,84.441607,43.690396,26.843801,0
-0.57019,0.179639,0.150702,-2.130534,23.003817,-1.074809,1.159709,0.534058,0.788695,105.859402,107.872559,99.493357,1
-0.912891,0.084399,0.041309,26.661069,-6.524427,0.859542,0.944211,0.284265,0.160165,54.456253,49.938303,28.002937,0
-0.253125,0.403442,0.254315,25.552672,45.464122,-16.374809,0.932394,0.630132,0.706062,59.851024,139.230407,105.594567,1
-0.840088,-0.018604,-0.09104,-6.954198,-24.812977,-3.770229,1.173537,0.367453,0.44948,63.137362,85.701485,90.302773,1
-0.675983,-0.177521,-0.096051,-20.549618,13.141985,-42.206107,1.055562,0.372138,0.250338,79.998035,89.957759,91.119149,1
-1.07063,0.158179,-0.066406,-10.838931,14.412214,9.903053,1.137757,0.331054,0.228015,48.215171,42.883931,29.274742,0
-0.621613,0.15224,0.105072,-32.939695,-7.278626,5.945038,1.088857,0.528228,0.39922,114.322982,106.264666,92.881994,1
-1.183545,0.312817,-0.300488,-13.169466,-41.962595,16.29542,1.195571,0.322393,0.30283,19.88039,61.026759,32.985543,2
-0.825079,0.054315,-0.141901,8.078626,-3.740458,-15.864122,1.187518,0.446584,0.509426,96.988486,81.489886,107.901562,1
-0.658496,0.2789,0.265009,-27.29084,-5.19771,-0.726718,1.116292,0.678476,0.722245,84.61945,112.778606,95.410812,1
-0.617603,0.283911,0.088257,-26.392366,-12.772519,1.818321,1.053757,0.555451,0.395403,110.135065,100.141727,108.402677,1
-0.529932,0.12915,0.09314,-5.10229,26.025191,12.014504,0.985856,0.67242,0.364741,51.940338,53.815365,71.333521,1
-0.777466,-0.059595,-0.066113,-7.438168,8.451145,-12.770229,1.202869,0.515804,0.402916,92.682426,99.281874,97.908734,1
-0.886304,0.053467,-0.077466,-33.229771,28.632061,17.10458,0.932692,0.155176,0.197192,60.765891,37.256649,30.563594,0
-0.474463,0.098926,-0.019263,-13.041221,6.373282,-7.503817,1.048401,0.610373,0.71881,65.013949,112.688782,94.019118,1
-0.729858,0.16167,0.100513,-3.516794,-26.868702,-6.075573,1.105229,0.523449,0.493212,107.390203,81.560617,88.94906,1
-1.011011,0.112329,-0.029468,-6.043511,15.282443,10.251145,1.042914,0.239428,0.166014,44.110314,35.733037,16.813985,0
-0.991553,0.334351,0.123096,-15.650382,-2.758015,-7.212977,1.042338,0.453526,0.167987,22.353235,29.816392,30.608562,2
-1.033447,0.081738,-0.262939,-9.138931,-10.936641,13.540458,1.426969,0.74689,0.684065,101.931438,123.049166,134.860147,1
-1.029175,0.14165,-0.026294,5.030534,13.40916,6.617557,1.055914,0.237107,0.168,30.047264,36.304246,17.265401,0
-0.817285,0.224048,0.125757,-19.593893,6.30916,9.851145,0.823372,0.247102,0.185984,27.907252,36.758676,16.411621,2
-0.904199,0.084814,0.071729,-38.989313,21.08626,1.99084,0.980364,0.282471,0.142997,71.44575,33.860561,34.196603,0
-0.764111,0.186255,0.219458,53.430534,-14.335878,-35.445038,0.778731,0.208442,0.227551,54.466799,17.347279,38.184855,2
-0.41333,0.140308,0.088184,-7.016031,17.551908,6.993893,0.955539,0.475182,0.330729,44.202853,88.768357,67.986983,1
-0.906909,0.055347,0.090479,-23.766412,18.270992,1.781679,0.953845,0.211032,0.219278,47.71406,34.524414,31.5367,0
-0.90625,-0.079053,0.063184,25.898473,-29.961832,-9.351145,0.916784,0.166085,0.112186,52.525893,36.834004,26.126108,0
-0.813428,0.162476,-0.007788,-5.347328,-48.717557,16.452672,0.827328,0.175667,0.12262,13.996434,52.998172,29.544779,2
-0.903955,0.031592,0.039111,2.383969,13.958779,0.954962,0.955418,0.178373,0.148809,29.885511,33.513127,35.434951,0
-0.499512,0.251001,-0.056299,-7.032824,0.110687,-22.101527,1.021808,0.612845,0.398507,103.749273,116.176303,83.593171,1
-0.959302,0.019263,0.166797,-31.851908,5.729771,-3.956489,1.028992,0.259858,0.243734,46.04913,41.930253,36.122214,0
-1.028784,0.144287,-0.007349,11.238168,15.00229,1.558015,1.072274,0.274226,0.12918,50.627508,42.657909,23.437014,0
-0.868164,0.259595,0.146973,-1.412977,-23.584733,43.603053,0.89554,0.271046,0.180324,8.708483,45.652243,45.185206,2
-0.948437,0.236426,0.205835,6.274809,6.134351,3.932061,1.003574,0.595357,0.280147,62.441628,26.344489,9.283361,2
-0.825073,0.194019,0.16499,7.657252,9.670992,-16.776336,0.853496,0.258773,0.178838,20.010646,24.572119,22.980057,2
-0.56731,0.372974,0.188599,-16.39084,-10.573282,0.268702,1.024755,0.628361,0.413805,113.438652,114.746883,110.20406,1
-0.69834,-0.15498,0.018042,6.483969,-12.880153,-17.946565,1.078328,0.609583,0.470657,92.116327,123.717454,89.323758,1
-0.897559,0.296875,0.092529,24.470992,8.667939,-12.732061,0.916272,0.383197,0.123107,31.464076,23.315458,20.37237,2
-0.872461,0.002808,-0.080737,6.635878,-2.69313,-18.967176,1.281844,0.306007,0.274325,108.81175,62.519754,107.239098,1
-0.952173,0.106592,-0.075244,-21.529771,28.641985,20.600763,1.039173,0.210678,0.300363,61.095246,44.776783,27.093512,0
-0.649377,0.139978,0.224084,9.053435,20.335115,2.901527,1.152028,0.514513,0.384894,52.342389,63.997763,38.336355,1
-0.626465,0.270313,0.155444,-27.261069,-13.320611,-0.953435,1.015373,0.63063,0.340742,86.981354,115.343894,103.302535,1
-0.72464,0.038641,0.124896,-38.641221,11.08626,-31.00916,1.169493,0.573709,0.469096,74.239811,93.296394,95.222812,1
-0.738428,0.376001,0.219263,-6.785496,6.878626,-15.216794,0.766166,0.438794,0.22959,16.069684,22.756511,21.494007,2
-0.742139,-0.038135,-0.05625,2.98626,-4.30916,13.064885,1.198982,0.463588,0.390634,94.271687,69.47606,103.621037,1
-0.505615,0.284912,-0.027979,-19.158015,2.842748,-25.076336,1.013124,0.615376,0.527706,77.255456,103.164216,82.056417,1
-0.758521,0.053711,0.212427,15.029008,-3.850382,-7.715267,0.765463,0.126827,0.225517,24.293591,22.493433,10.54466,2
-0.768909,-0.055481,-0.049255,2.832824,3.990076,-4.930534,0.884735,0.134282,0.113437,59.625718,14.952612,23.081476,0
-0.880493,0.087183,0.015039,18.19084,-11.771756,7.267176,0.900621,0.193471,0.090982,44.074864,44.346086,33.715676,0
-1.094995,-0.031348,0.099756,-3.370992,-6.319084,-12.440458,1.108866,0.246576,0.198059,21.895584,26.29129,27.451603,0
-0.623169,0.179639,0.248145,-18.522901,7.474809,14.644275,1.059454,0.541598,0.433999,59.986579,89.013246,64.067091,1
-1.044653,-0.044458,0.098437,20.625954,-20.143511,-18.51374,1.068806,0.250041,0.185446,50.10038,29.371578,30.918729,0
-0.820166,0.36062,0.150146,-7.915267,-3.947328,-28.418321,0.829592,0.434342,0.173443,16.89692,17.771833,34.371462,2
-0.766772,0.268384,0.144263,51.707634,-0.136641,-27.329771,0.778836,0.312466,0.298806,57.106947,34.678332,33.114381,2
-0.501978,0.129419,0.079297,-14.630534,23.809924,0.383969,1.038863,0.638827,0.256933,33.622299,51.575501,93.896886,1
-1.16355,0.210742,-0.033154,15.767176,22.399237,-6.49542,1.170724,0.232249,0.091794,20.528516,29.527509,18.941207,2
-1.101563,-0.056201,0.151953,-10.635115,-5.590076,-11.429771,1.121061,0.253486,0.225086,25.86963,32.028795,24.559562,0
-0.897388,0.061938,0.04585,-57.599237,16.1,3.767176,0.94898,0.248477,0.216812,68.00752,29.058224,40.589298,0
-0.858154,0.195825,-0.074854,-21.083969,18.227481,-24.30916,0.871741,0.303583,0.201134,35.566872,32.306086,29.973248,2
-0.511694,0.314105,0.257196,9.374046,32.316794,0.898473,0.990731,0.804683,0.729348,84.682755,78.465871,91.239351,1
-0.738525,0.400098,0.203979,4.951908,-12.072519,7.906107,0.741009,0.401651,0.209709,12.135503,13.903105,20.176965,2
-1.067407,-0.07251,0.119995,-3.109924,-14.974809,-11.728244,1.081704,0.219452,0.169408,19.65451,27.302264,29.172941,0
-0.893604,0.352637,0.161694,-8.833588,5.220611,-1.309924,0.921338,0.478575,0.237991,54.951448,44.303617,12.195969,2
-0.609479,-0.141217,-0.049982,24.444275,-6.682443,-2.058015,1.022041,0.434398,0.225663,45.049691,45.610887,74.929288,1
-0.764722,0.176172,0.107837,-28.044275,-17.930534,-18.712977,1.076445,0.512815,0.373479,102.455051,113.565109,85.092827,1
-1.0448,0.129541,0.052197,30.773282,-8.003053,2.129771,1.112565,0.272511,0.266801,63.524305,53.123945,28.899019,0
-0.647534,0.132178,0.209229,-29.2,-11.61145,-16.561832,1.019887,0.837282,0.437434,95.355506,149.411027,125.987727,1
-1.010669,0.131323,0.028979,13.021374,20.185496,-16.441985,1.025792,0.157673,0.111916,18.483318,28.711346,17.552946,2
-0.861646,0.207861,0.047681,-32.333588,8.537405,-21.248092,0.883842,0.360085,0.310515,40.538094,26.015566,27.288777,2
-0.998242,0.070361,0.116504,-29.772519,2.603817,-7.061069,1.393009,0.70806,0.316263,61.54876,96.353672,92.967934,1
-0.846686,-0.00274,0.098895,-28.880916,11.275573,8.100763,0.941182,0.079332,0.210308,41.976045,35.82255,29.600286,0
-0.957422,0.09126,0.149609,-41.067939,10.844275,-1.780153,1.025122,0.231834,0.217021,59.80278,40.896691,31.974546,0
-0.908984,-0.013281,-0.013281,-47.230534,28.019084,9.900763,1.024015,0.153894,0.19745,63.318276,43.585186,25.023361,0
-0.960449,0.167017,0.027026,25.714504,-3.441221,4.200763,1.011308,0.312409,0.163837,65.270047,60.712032,28.24656,0
-0.737207,0.398511,-0.06394,75.233588,-44.163359,-42.40916,0.861876,0.571509,0.319498,91.621606,58.510169,46.720225,2
-1.26394,0.320972,0.188086,4.673282,19.238931,7.412214,1.288054,0.337899,0.218456,17.68537,35.839814,28.811666,2
-0.984033,0.138867,0.035547,37.364122,0.287786,5.692366,1.039437,0.380088,0.181489,71.286914,52.22105,28.901313,0
-0.930518,0.303296,0.227856,1.335878,6.025954,-12.215267,0.971703,0.398097,0.341029,44.555039,22.018136,26.386197,2
-1.023145,0.174463,-0.321484,3.174046,10.803053,-7.705344,1.025947,0.186671,0.32539,8.466416,12.818879,10.300288,2
-0.762207,0.341351,0.012988,11.700763,-1.571756,-2.360305,1.211256,0.757547,0.361639,98.38881,98.668554,110.769571,1
-0.94231,0.130908,0.042529,39.838168,-5.785496,3.791603,0.985196,0.269568,0.237121,60.909511,50.275172,28.741755,0
-0.872681,0.172845,0.200751,26.070992,-23.491603,14.41374,1.271478,1.107274,0.801122,118.876692,111.661931,100.158791,1
-0.490656,0.156342,-0.088287,-4.516031,-13.467939,2.915267,0.810752,0.291191,0.518463,71.495843,61.34961,96.942247,1
-0.794946,0.460181,0.235425,-3.681679,-8.659542,-16.396947,0.805399,0.555925,0.253319,36.613196,17.767049,23.954349,2
-0.689526,0.175366,0.055518,13.271756,16.725954,26.336641,1.160227,0.54201,0.315416,73.114264,65.772038,108.674551,1
-0.981592,0.087646,0.0375,54.423664,-13.396183,9.387023,1.043144,0.342097,0.173636,76.660741,52.999407,29.512967,0
-0.834399,0.259692,0.034009,-58.967176,52.219847,0.712977,0.845587,0.282782,0.098229,61.566004,58.414137,21.672027,2
-0.942187,0.118213,0.015845,-31.274046,26.09313,20.883206,1.019697,0.305427,0.354802,62.598803,41.198523,28.223951,0
-0.6875,-0.071509,0.038062,7.457252,-8.464122,8.376336,1.087243,0.777759,0.414379,75.986488,110.657975,101.844404,1
-0.93208,0.073682,0.193262,1.903817,-15.212977,-15.39084,0.943705,0.171187,0.205453,23.252931,19.633773,27.013226,2
-0.670776,0.445746,0.161182,35.189313,-3.570992,-7.432824,1.240202,0.785242,0.738336,108.098465,77.143282,99.732485,1
-0.896094,0.280176,0.129443,10.779389,24.064885,-15.287786,0.916858,0.321038,0.175621,22.919142,31.376789,20.581614,2
-1.18457,0.075073,-0.011304,-1.5,-18.151145,23.076336,1.205139,0.095785,0.065617,9.025911,25.886449,31.058665,2
-0.874854,-0.055225,0.041235,37.354962,-32.91374,-9.170992,0.888455,0.248338,0.101038,63.138084,45.054614,23.245184,0
-0.843408,0.360107,0.129004,15.784733,-7.025954,-11.394656,0.87009,0.475979,0.20063,38.405635,22.682745,32.997399,2
-0.987061,0.252661,-0.178638,7.158015,35.022137,-5.245038,0.990379,0.263853,0.22106,10.139856,36.273677,7.743699,2
-0.840527,0.016406,0.059692,18.737405,-29.327481,-11.425191,0.847041,0.273627,0.076356,42.12996,39.808707,30.181446,0
-1.075513,0.183984,-0.012451,2.333588,-7.71374,4.931298,1.081045,0.186927,0.075443,8.982066,9.541747,12.190176,2
-1.049316,-0.049023,0.224829,-78.387786,-1.493893,-2.048855,1.075311,0.275227,0.322622,96.930752,29.961291,25.944731,0
-0.858502,0.062128,0.021063,40.039695,22.872519,5.812214,1.28833,0.42607,0.329093,92.199019,91.754873,94.490485,1
-0.573218,0.213013,0.235638,26.446565,3.861832,10.298473,0.945442,0.737737,0.783045,104.606073,119.49957,96.885187,1
-0.224976,0.323383,0.234009,17.754962,12.570229,-26.219847,0.904166,0.755969,0.509057,88.62167,112.624201,81.841593,1
-0.829102,0.096729,-0.12019,-1.869466,-0.862595,5.908397,1.149865,0.16348,0.37172,44.919971,74.517196,66.312254,1
-0.843481,0.021094,0.0271,24.303817,-23.587023,-4.441221,0.861336,0.269518,0.112393,48.090597,37.591766,24.037,0
-0.879248,0.089526,-0.044409,-31.281679,26.538931,15.607634,0.950729,0.203209,0.118198,59.163249,42.371869,21.855813,0
-0.420056,0.096375,0.041052,1.029771,-0.016794,1.698473,0.682941,0.220049,0.12182,22.422465,19.213345,22.855112,0
-0.8979,0.020654,0.04668,29.460305,-16.248855,9.291603,0.912241,0.234761,0.145691,60.881387,40.587929,28.955632,0
-0.797827,0.45083,0.270044,-41.025954,16.414504,-15.807634,0.810406,0.523554,0.465209,46.829036,42.745889,31.697046,2
-0.930859,0.175171,0.216382,-25.170229,4.942748,-6.425191,1.295998,0.656893,0.54255,80.328554,85.824419,98.706034,1
-0.981079,0.051074,-0.030469,-12.682443,-16.422901,-9.977863,1.343429,0.425071,0.348572,31.482289,83.542865,42.016104,1
-1.214478,0.117847,-0.008667,0.845802,-29.363359,41.787023,1.232376,0.145893,0.083708,18.048776,39.959564,42.81271,2
-0.95686,0.166382,0.051636,23.120611,0.458015,-6.38626,0.981793,0.26333,0.161156,52.643314,43.185092,21.776325,0
-0.909399,0.394971,0.271777,-6.481679,-2.318321,-11.577863,0.950535,0.520464,0.354449,52.475677,31.785374,26.954528,2
-0.857935,0.165698,0.179663,-6.377099,26.427481,2.51145,0.859306,0.196618,0.217942,21.988294,29.201164,11.387667,2
-0.832666,0.204956,0.013306,-31.447328,-1.123664,-9.480153,1.213558,0.599373,0.449713,87.281968,130.897142,79.114246,1
-0.412671,0.197217,0.035107,0.745038,28.869466,-14.107634,0.958279,0.406955,0.369914,45.753868,61.545273,77.849977,1
-0.727368,0.317017,0.151343,25.944275,-66.084733,-15.244275,0.739112,0.322581,0.224308,33.246919,67.714376,29.425545,2
-1.068164,0.165356,-0.052441,-2.651908,7.467176,8.658779,1.106743,0.289577,0.180463,34.602488,36.595942,24.972796,0
-1.090332,0.020142,-0.116626,1.256489,-0.199237,3.136641,1.100632,0.056451,0.118947,9.993697,7.708624,12.073529,2
-0.904834,0.048975,-0.065918,-12.756489,24.890076,16.69084,0.954632,0.167456,0.134322,49.259344,37.51758,22.90713,0
-1.054688,0.053174,0.135742,-33.110687,6.416794,-9.51145,1.087456,0.303139,0.232377,43.657678,44.415227,23.277378,0
-0.763892,0.182251,0.133716,40.438168,-10.321374,-31.599237,0.808086,0.319335,0.182605,51.409365,32.929543,35.538431,2
-0.693384,0.319995,0.137939,0.779389,21.437405,18.894656,1.181046,0.647599,0.407119,49.021144,99.501761,51.939109,1
-0.000061,-0.000061,-0.000061,-0.007634,-0.007634,-0.007634,0.000061,0.000061,0.000061,0.007634,0.007634,0.007634,0
-0.89668,0.079663,-0.039233,6.587023,13.683969,-29.358015,1.245373,0.632256,0.439775,105.868561,113.413765,131.217735,1
-0.83938,0.227466,0.125635,5.5,-17.49542,-31.340458,0.847992,0.313104,0.151293,23.653682,23.692295,34.027492,2
-0.788123,-0.001501,-0.100623,9.596183,-19.989313,12.126718,1.060621,0.337113,0.433651,91.040187,73.631193,98.319946,1
-0.788013,0.100513,0.064502,-25.801527,-4.192366,3.09771,1.139087,0.767811,0.781368,114.357019,125.014134,138.077826,1
-0.7198,0.260156,0.118408,-23.535878,14.815267,-20.69542,0.733927,0.32326,0.16343,31.445701,25.321495,22.672242,2
-0.819409,0.114502,-0.02312,-14.525954,-52.532824,-2.229771,0.831383,0.132765,0.129898,26.19671,54.214727,24.150692,2
-0.802832,0.309424,0.026831,-2.172519,3.275573,-11.778626,0.814285,0.328796,0.119216,7.557936,29.798689,14.35409,2
-0.768433,0.222681,-0.041919,-8.377863,39.114504,3.445038,0.791302,0.2808,0.186635,34.486623,40.571944,17.023733,2
-0.897192,-0.00127,-0.024609,-48.630534,28.454962,19.434351,0.970464,0.186947,0.188987,72.193984,41.723483,32.612576,0
-0.774976,0.00061,0.324829,-20.226718,-1.533588,-1.206107,1.200096,0.485366,0.444132,112.056891,114.539461,99.403475,1
-1.058154,0.117578,-0.019336,1.375573,31.522901,-10.863359,1.062802,0.146578,0.099335,10.827982,33.607734,11.288745,2
-0.935278,0.024658,0.08606,-31.628244,18.380916,4.626718,1.04124,0.291597,0.168718,70.750229,36.381522,43.617142,0
-0.849561,0.149878,-0.061401,-10.369466,4.228244,-0.284733,1.181755,0.336797,0.353069,52.58722,87.868775,75.273131,1
-0.992578,0.285034,-0.154736,23.754198,-64.70687,23.969466,0.996447,0.302615,0.178889,35.438301,69.248622,26.859422,2
-1.006592,-0.029102,0.11543,-2.744275,-24.383206,-9.71145,1.024146,0.277853,0.241747,38.519498,29.840465,26.292945,0
-0.67522,0.207764,0.081128,-25.11145,29.91374,4.674809,0.690178,0.225342,0.124164,29.380381,34.576403,29.638791,2
-0.843384,0.013037,0.149634,-24.877099,-8.50229,-16.89542,1.244833,0.445393,0.46781,64.482832,95.14088,107.916577,1
-0.61402,0.218109,0.10705,23.832824,-27.60916,9.850382,0.955807,0.381549,0.327738,83.064352,72.580692,92.030842,1
-0.870996,-0.003198,0.031201,18.042748,-22.10458,2.615267,0.886841,0.239548,0.135825,58.660577,36.867619,30.500077,0
-0.95437,0.007886,0.096021,14.319084,-24.435115,-13.214504,0.97006,0.200349,0.22693,35.436055,30.436114,30.287579,0
-0.680835,0.22085,0.143042,-11.725191,-23.421374,-4.41145,1.140134,0.470869,0.56293,115.566618,85.480584,97.676293,1
-0.677197,0.34812,0.177026,1.707634,3.940458,-22.347328,0.6893,0.401768,0.186834,8.864492,14.722001,26.929921,2
-0.84353,0.400635,0.143945,-13.201527,3.173282,-3.099237,0.846238,0.422892,0.262217,27.528643,33.419832,10.861881,2
-0.503546,0.064227,0.024432,3.794656,20.327481,-10.898473,0.718177,0.095156,0.041505,6.969586,32.344194,15.707703,2
-0.912866,0.018457,0.182837,34.706107,2.419847,-18.987786,0.916439,0.212555,0.186093,48.768673,15.350916,29.815299,2
-1.251196,0.210376,0.107739,12.996947,-20.083969,31.845038,1.267672,0.260706,0.116932,15.498196,32.862096,35.711037,2
-0.81333,0.248682,0.122485,4.948092,-5.745802,-6.231298,0.891401,0.362049,0.251506,29.065072,25.811433,18.365312,2
-0.884283,0.088446,-0.156891,3.325191,15.208397,6.047328,1.250817,0.717489,0.603469,74.380297,90.506181,101.433515,1
-1.110498,0.110083,-0.003979,0.79084,13.403817,12.450382,1.178324,0.300981,0.282625,26.979223,25.995145,21.388623,0
-1.037622,0.225244,0.009277,3.554198,14.430534,7.10229,1.061177,0.315918,0.133399,34.7203,38.088468,21.393683,0
-0.42478,0.23689,0.054224,21.792366,16.596947,-29.161069,0.960593,0.55357,0.302772,91.844232,106.093421,113.178484,1
-0.969482,0.077222,-0.006763,-1.451908,2.259542,3.348092,0.969578,0.090233,0.031015,7.022328,3.84285,4.447918,1
-0.358081,0.069214,0.142505,48.414504,12.614504,-24.231298,1.091951,0.644865,0.432092,74.748335,113.40458,107.780147,1
-0.901147,0.002588,0.057178,-50.972519,21.683206,2.792366,0.933646,0.102783,0.154874,65.25342,33.445363,21.541165,0
-0.986035,0.083813,0.191895,34.070229,-21.561832,-10.314504,0.98773,0.156152,0.262632,41.928332,27.079652,14.411137,2
-0.963599,0.134521,-0.009863,-31.374809,32.00916,22.116794,1.065013,0.244001,0.236911,67.274169,51.197008,24.971727,0
-0.620972,0.229883,0.154102,-24.348855,19.734351,10.787786,1.031207,0.615811,0.401045,54.064438,71.853751,70.885014,1
-0.84541,0.185034,-0.097412,-9.189313,15.477099,-0.012214,0.892535,0.339007,0.228966,27.873366,31.828355,12.908412,2
-0.863843,0.017725,0.04248,11.285496,-23.625954,-2.661069,0.877007,0.260379,0.106956,48.44323,37.844016,20.607461,0
-0.721802,0.178833,0.228217,38.387023,15.777099,13.965649,1.266859,0.481205,0.776667,107.618263,96.082063,97.875338,1
-0.692822,0.073267,-0.130811,-16.451908,28.953435,8.656489,0.704256,0.128454,0.207259,24.476801,46.08962,24.652168,2
-0.851465,0.010913,0.004272,22.528244,-26.281679,-8.012977,0.863857,0.294903,0.069288,51.913061,38.35084,24.505638,0
-0.903931,0.355103,0.117822,11.964885,-17.476336,-0.012214,1.170038,0.57252,0.626601,55.650286,70.955686,56.354252,1
-0.581177,0.119507,0.125781,-1.61145,13.729008,10.129771,1.070664,0.692062,0.312635,60.43141,82.798474,66.754986,1
-0.842358,0.070312,0.03147,34.158779,-13.220611,2.196183,0.864194,0.299498,0.096685,49.786013,43.671758,17.117583,0
-0.519818,0.263477,0.225806,-8.09084,20.815267,35.668702,0.921411,0.853662,0.671316,31.95465,70.840263,69.384265,1
-0.980322,0.010181,0.135083,-33.91145,11.428244,-6.449618,1.072278,0.275654,0.210456,64.545251,41.332946,38.177441,0
-1.355127,0.255542,0.04895,8.680916,-24.439695,23.409924,1.361625,0.274519,0.098914,14.729306,35.304881,34.127874,2
-1.021924,0.195557,-0.050806,-0.566412,33.591603,-13.667939,1.032632,0.224707,0.088662,14.506429,35.562409,16.531833,2
-0.714575,-0.091846,0.139844,-23.896947,-30.364122,-8.077863,1.072019,0.650823,0.495192,69.707483,101.893349,92.553478,1
-0.931128,0.041138,-0.0052,-42.629771,28.715267,19.638168,0.996191,0.141662,0.110318,59.491306,39.607275,26.357574,0
-0.807745,0.074701,-0.101422,-10.833588,-28.296947,2.580153,1.099838,0.157721,0.518097,54.789183,78.401967,88.400927,1
-0.974512,0.083423,0.072119,-48.184733,-6.261069,-14.247328,1.355498,0.537016,0.517389,76.905352,84.528229,91.28516,1
-0.922681,0.016895,0.016846,-32.49313,7.387023,16.246565,1.328345,0.6171,0.438091,75.140958,159.838769,138.713232,1
-1.159399,0.260425,0.069727,19.261832,28.705344,-12.400763,1.169065,0.276354,0.086478,23.925344,32.791363,19.383631,2
-0.91145,-0.078125,0.050488,20.459542,-23.965649,-9.234351,0.927796,0.247662,0.148326,45.144963,34.365882,26.0437,0
-1.023413,0.171948,0.000464,21.870229,8.341985,9.949618,1.044598,0.304848,0.201251,44.055714,35.258423,24.899177,0
-0.746777,0.082251,0.071313,-30.325191,3.570229,-14.855725,1.185314,0.372116,0.466411,41.378563,79.823668,97.373802,1
-0.932471,0.16709,0.039795,23.221374,-9.459542,2.074046,0.959784,0.282564,0.17221,49.390943,43.816455,26.673194,0
-0.7479,0.067114,0.144165,24.291603,-37.229008,0.035115,0.762543,0.123194,0.150258,33.695107,38.655614,7.550703,2
-0.580469,0.014087,0.103906,21.20229,12.041985,1.383206,1.057388,0.718432,0.44083,45.373497,114.649702,109.435086,1
-0.633398,0.164551,0.232593,-24.558779,0.80687,-13.633588,1.133792,0.656153,0.490319,93.226795,93.623589,88.254755,1
-1.086523,0.177905,0.121802,0.426718,45.367939,-23.441985,1.106356,0.187218,0.140696,16.044972,53.330459,24.988335,2
-1.106665,0.272974,0.120947,1.990076,-26.956489,36.854962,1.122137,0.282125,0.152543,6.692228,30.347856,37.791027,2
-1.036914,0.057812,0.181567,18.691603,-0.961832,4.373282,1.047462,0.254494,0.19346,40.911557,36.736139,15.731215,2
-1.000122,0.228979,0.235229,25.040458,-0.843511,20.676336,1.006988,0.492196,0.302603,57.955592,39.217995,32.420523,2
-0.83728,0.012524,0.03064,33.899237,-27.726718,-8.259542,0.859121,0.338072,0.125425,61.546845,41.342122,25.764117,0
-0.739722,0.29978,0.112598,13.666412,31.835878,18.242748,0.786349,0.322127,0.27198,33.7032,43.271357,37.515028,2
-0.660547,0.011377,-0.010669,-29.905344,12.445802,-18.338931,1.096183,0.609935,0.502495,75.844647,126.264361,101.235957,1
-0.955518,0.152124,-0.009473,19.378626,0.282443,1.037405,0.982021,0.271454,0.157517,52.398489,54.465148,30.44663,0
-0.224628,-0.001044,0.022589,-26.058015,13.400763,14.643511,0.414268,0.074406,0.047189,48.101933,24.483667,27.916201,0
-1.019482,0.152905,0.181714,-36.673282,-10.90687,26.959542,1.03395,0.247114,0.240935,57.723544,34.427207,33.436414,1
-0.910327,0.108154,0.146582,-47.127481,13.124427,0.222137,0.98693,0.187858,0.231641,56.891351,42.525564,30.730142,0
-0.437036,0.304462,0.301508,9.883206,15.635878,26.725954,0.835527,0.663666,0.6835,42.207287,81.944144,70.020584,1
-1.008569,0.119434,0.055518,-0.69771,-4.453435,4.11145,1.055592,0.231147,0.201257,41.206111,46.853653,19.384725,0
-0.828564,0.05564,-0.070093,-8.145038,-4.258015,-21.478626,1.19674,0.356341,0.536388,72.114352,92.661182,105.432161,1
-0.942334,0.028247,0.133569,14.822901,-36.768702,-21.296183,0.984252,0.300446,0.215574,51.116947,46.73831,35.356168,0
-0.600537,0.241431,0.399878,-28.599237,6.746565,-15.920611,1.094194,0.766093,0.840823,115.864056,100.218281,94.092153,1
-1.010425,0.004199,0.127661,-31.6,0.933588,-5.619084,1.063907,0.352165,0.241443,69.425056,44.840447,30.295821,0
-0.948584,0.10918,-0.01145,15.987023,-8.759542,-3.601527,0.948641,0.143163,0.017288,21.772249,9.325477,5.580233,0
-0.907983,-0.059766,0.013086,27.942748,-26.324427,-3.553435,0.916597,0.187628,0.04568,55.814674,34.693439,24.988851,0
-0.632123,0.149982,0.060992,11.338931,6.671756,8.461069,1.083237,0.324299,0.220455,39.700895,53.504849,73.466108,1
-1.142163,0.298779,-0.327734,-19.233588,-31.578626,24.947328,1.148607,0.303436,0.337984,21.303646,43.116839,29.757309,2
-0.86582,0.477734,0.061182,7.659542,1.217557,20.766412,0.92545,0.547685,0.168725,53.575415,24.287016,30.117398,2
-0.914795,0.072876,-0.054248,-24.392366,31.820611,12.720611,0.963365,0.183825,0.119753,49.232402,42.382707,20.539024,0
-1.075513,0.000146,0.154785,-11.359542,-1.433588,-14.133588,1.08613,0.232549,0.225804,27.191941,37.453206,26.19687,0
-0.934082,0.073315,0.142651,-42.536641,13.670992,-0.269466,1.041811,0.26282,0.241955,75.672572,33.152606,46.652854,0
-1.077295,0.215942,-0.198462,12.174809,-86.769466,15.489313,1.1059,0.223805,0.274721,17.497915,91.111421,24.699037,2
-0.717969,-0.001245,-0.027954,-13.040458,-14.132824,-21.084733,1.11108,0.227697,0.408584,72.870968,75.094993,91.266196,1
-0.882349,0.239624,0.015991,-27.352672,8.376336,-14.412214,0.917328,0.435852,0.262949,58.5456,23.759092,18.359637,2
-1.005762,0.243774,0.304224,-21.71374,-24.090076,25.171756,1.322067,0.674215,0.654528,65.080382,114.063264,90.194093,1
-0.887109,0.190674,0.062988,3.674809,24.680153,-21.139695,0.944088,0.228458,0.124183,13.279023,36.114284,24.922826,2
-0.92146,0.268774,0.087646,-1.258779,-0.940458,-2.205344,0.921497,0.269082,0.088183,1.869398,1.251513,2.494991,2
-0.944995,0.164722,0.303198,15.412977,1.225191,-13.299237,0.962412,0.28648,0.3522,54.607741,31.411082,25.415711,2
-0.956616,0.018164,0.163257,-43.78626,2.61374,-1.818321,1.022118,0.302819,0.238547,72.52514,44.345019,39.238497,0
-0.936084,0.076562,0.181934,-45.199237,6.418321,-1.403817,0.997066,0.211074,0.25518,55.493077,43.293209,26.192815,0
-1.015771,0.356128,-0.180518,-5.669466,32.89771,-13.853435,1.02374,0.386622,0.232557,9.298434,37.886568,17.233406,2
-0.332104,0.244312,0.508929,31.103053,21.862595,-12.227481,0.995781,0.402697,0.915687,72.176955,69.515383,112.011941,1
-1.160571,0.015381,-0.106421,-1.641221,10.266412,-6.862595,1.163888,0.081817,0.120832,10.843286,23.765386,14.026527,2
-0.426727,0.034839,0.18396,-8.607634,10.575573,13.048092,0.952472,0.537636,0.459799,35.156115,71.417169,83.079389,1
-0.696753,0.257104,0.162646,-9.537405,8.487023,9.625954,1.14292,0.40239,0.512691,63.607893,77.095548,97.437097,1
-0.909741,-0.078369,0.028906,39.906107,-31.042748,-5.678626,0.92444,0.293613,0.149331,59.110917,40.884397,19.541064,0
-1.080981,-0.035303,0.127588,-16.403053,-2.847328,-19.970229,1.096275,0.23384,0.176488,49.906442,30.0087,37.53667,0
-0.74679,-0.017493,0.247522,14.399237,-17.829771,17.121374,1.040857,0.329179,0.539494,96.816537,89.738706,87.473467,1
-0.946313,0.008398,-0.053906,-46.591603,29.059542,23.651145,1.034608,0.232025,0.172682,80.487791,43.15992,35.417764,0
-0.915552,-0.093848,0.037354,31.598473,-30.368702,-8.351145,0.933801,0.225795,0.099204,55.356318,40.872999,31.541846,0
-1.154517,0.295435,-0.131592,-6.225191,-0.374046,-6.148855,1.156955,0.300533,0.14902,8.655897,16.738132,12.321833,2
-0.774756,0.147021,0.049048,-12.88855,20.741221,15.445038,1.163605,0.440633,0.220726,43.257989,52.63273,35.262421,1
-0.884521,0.327148,0.134863,3.074046,17.50916,9.838168,0.903133,0.387221,0.240048,46.959906,43.750218,26.231671,2
-0.886987,0.029028,0.059473,36.735115,-15.210687,3.764885,0.897364,0.296418,0.152833,77.740163,46.511267,31.604543,0
-0.858936,0.348999,0.050977,-19.483969,7.342748,-12.903817,0.910561,0.509385,0.274301,44.580491,39.564838,18.753287,2
-0.834546,0.330347,0.090576,-1.693893,12.79313,-29.790076,0.87141,0.345999,0.161148,13.536411,26.21512,30.599008,2
-0.911938,0.032568,-0.0427,-25.825191,20.856489,15.835115,0.968805,0.132593,0.1702,50.372504,39.54269,23.965376,0
-0.803955,0.061743,-0.016333,26.31145,1.468702,-22.226718,1.221346,0.580691,0.712999,129.087826,52.339754,110.312099,1
-0.897876,0.098145,0.035645,41.593893,-6.198473,6.412214,0.931579,0.306541,0.118395,70.85034,55.378029,29.880524,0
-0.762061,0.312964,0.123828,-22.984733,22.880916,-11.017557,0.775627,0.467115,0.196146,55.512196,34.603006,21.843332,2
-0.924878,0.093848,0.063892,42.255725,-11.314504,3.282443,0.978405,0.356382,0.166197,68.50658,52.606345,33.340889,0
-1.043091,0.04353,0.157544,-25.751145,6.545802,-5.518321,1.102374,0.218855,0.204452,47.933122,37.861662,30.57043,0
-0.911475,0.102563,0.050806,-35.714504,21.10229,1.354962,0.995369,0.244481,0.212668,49.380668,37.625007,29.843562,0
-0.999731,-0.032715,0.100366,0.025191,-18.541221,-5.764122,1.010631,0.280455,0.203326,46.281213,30.14193,25.82235,0
-0.98728,0.219995,0.15957,-17.138931,-3.3,-11.619847,1.348876,0.464726,0.235685,33.416836,57.072239,24.85407,1
-0.894092,0.247363,0.250098,9.560305,-0.548092,-15.79084,0.898564,0.311335,0.257145,25.812871,12.166451,22.723309,2
-1.04292,0.011743,0.15022,-1.438168,3.748855,-3.857252,1.41699,0.431396,0.538134,48.160086,101.114726,107.565876,1
-0.872705,0.28396,0.205737,-28.824427,-25.922901,4.115267,1.186784,0.580706,0.492687,95.788909,81.021672,73.983889,1
-0.989526,0.058325,0.246045,-21.672519,-3.526718,-7.058779,1.381537,0.523704,0.47269,75.328674,131.411436,108.446797,1
-0.932837,0.141235,0.10979,-4.864885,-5.366412,13.819847,1.338775,0.640937,0.457985,96.946249,156.689057,137.126663,1
-0.959229,0.020654,0.122607,-42.449618,2.382443,-3.751145,1.054472,0.314729,0.177058,70.072335,38.041689,49.518347,0
-0.893555,0.005835,0.031616,-22.551908,22.071756,10.283969,0.952596,0.108535,0.1488,49.008904,39.034993,19.593523,0
-0.451245,0.417456,0.261035,15.215267,7.383969,8.832824,0.928935,0.748941,0.509953,90.498167,126.283179,58.42744,1
-0.918848,-0.072266,0.111646,21.580916,-38.210687,-10.305344,0.950294,0.247253,0.233773,76.182723,44.873441,20.059981,0
-0.914111,0.128247,0.139746,-46.477863,11.681679,4.20687,0.978766,0.258183,0.221542,60.754174,41.522584,32.104174,0
-0.953345,0.048022,-0.009717,-36.41374,14.408397,6.109924,1.025033,0.240178,0.113532,60.764724,28.708826,39.623317,0
-0.896143,-0.025342,0.143579,61.106107,-15.835115,0.278626,0.906615,0.184975,0.18842,84.773123,39.227019,19.925206,0
-0.827368,0.174609,0.306104,-17.574809,10.974046,13.170992,1.18001,0.472161,0.458095,78.022055,94.247087,67.141277,1
-1.048584,-0.002197,0.016577,6.58855,8.675573,-3.261069,1.435592,0.49,0.453483,76.183167,81.159582,105.90578,1
-1.058179,-0.014673,0.110278,13.189313,-12.552672,-15.577099,1.087161,0.283352,0.223906,45.871372,27.899288,31.434919,0
-0.927002,0.22605,0.080542,-45.042748,10.545802,-17.796183,0.953741,0.386417,0.247152,65.518875,38.702885,21.960439,2
-1.090576,-0.019873,0.132275,-18.922901,-9.219847,-10.818321,1.107301,0.133595,0.207339,34.150425,31.736175,27.169276,0
-0.85,0.099829,0.085449,29.223664,-12.185496,1.30458,0.866645,0.369952,0.142496,64.808184,47.964783,27.579069,0
-0.995312,0.000586,0.129565,6.848092,-20.016031,-8.096183,1.003545,0.236495,0.209404,28.139466,28.053804,23.203818,0
-1.073779,-0.026538,0.202832,-9.998473,3.870992,-11.551145,1.098147,0.252168,0.263435,37.74043,44.295617,32.138049,0
-0.815649,0.613257,0.135913,11.638931,-1.122901,19.129771,0.957802,0.800373,0.27901,70.670446,56.431146,44.12672,2
-0.932886,0.057617,-0.076025,-44.032824,14.835115,18.265649,0.996468,0.195419,0.294133,59.279065,22.330978,26.362946,0
-0.914478,0.085449,-0.081323,-41.214504,29.665649,18.150382,0.986351,0.180114,0.127997,63.894598,41.665724,28.809996,0
-0.590186,0.117676,0.127661,45.461069,0.99771,19.716794,1.003385,0.492105,0.449388,102.27354,117.025566,100.226496,1
-0.537115,0.089301,0.035028,5.977099,18.619084,7.70916,0.788306,0.191775,0.143393,24.446455,32.743086,15.850201,0
-0.871655,0.18186,-0.043555,-38.998473,-23.924427,-17.715267,1.265918,0.783562,0.613969,118.118189,130.141123,99.847434,1
-0.720215,0.192847,0.106592,25.281679,8.641985,10.492366,1.161083,0.485511,0.366084,69.801269,55.816201,107.55085,1
-0.907715,0.109424,-0.003613,-51.258779,-3.112977,40.971756,0.950702,0.146796,0.121731,53.022086,42.092342,46.653041,2
-0.730029,0.096313,0.22373,30.183969,-6.822137,19.178626,1.045564,0.662521,0.55944,91.118146,94.343838,94.797963,1
-0.736035,0.090747,0.056665,-5.134351,-21.121374,-16.617557,1.171447,0.380731,0.36113,75.669844,99.497626,113.888349,1
-0.890015,-0.076709,0.098267,19.499237,-34.137405,-14.836641,0.91493,0.283396,0.18699,55.978897,44.492743,30.126348,0
-0.932727,0.223059,0.077478,34.812214,17.515267,40.712214,1.376223,0.600384,0.570814,52.22827,79.399153,101.564615,1
-0.878125,0.04668,-0.037085,9.883206,16.641221,10.820611,1.222129,0.366022,0.412517,30.414847,72.047786,65.982811,1
-1.125806,0.105786,-0.024585,0.332824,9.048092,-11.644275,1.131518,0.123796,0.038102,8.951787,16.815744,12.551263,2
-0.83877,0.405493,0.153247,-16.462595,-7.932824,-14.845038,0.909902,0.581067,0.235369,42.477168,35.291894,29.10005,2
-1.050269,-0.030835,0.095264,5.116794,-7.90916,-14.706107,1.061323,0.262975,0.154423,29.405987,28.724591,27.137687,0
-0.924951,0.000537,0.15647,-34.427481,13.812214,26.142748,1.240434,0.473599,0.724607,130.1471,158.536551,103.075693,1
-0.654468,0.280389,0.210327,-5.353435,7.182443,-17.894656,1.062101,0.771974,0.460506,76.939568,104.637059,75.190567,1
-0.987769,0.069336,-0.028979,8.318321,-4.217557,0.248855,1.0016,0.0854,0.047087,13.216586,7.225563,6.964804,2
-1.290601,0.360986,-0.189795,-19.696947,-17.401527,6.840458,1.303145,0.369995,0.214425,21.566862,44.314207,23.998035,2
-0.000061,-0.000061,-0.000061,-0.007634,-0.007634,-0.007634,0.000061,0.000061,0.000061,0.007634,0.007634,0.007634,0
-0.872827,-0.036255,-0.094897,-41.308397,26.208397,13.59542,0.940592,0.114499,0.226525,59.456206,38.714345,26.943821,0
-0.516943,0.226929,0.357275,34.933588,3.407634,-24.734351,1.135985,0.660979,0.533823,95.743584,116.128375,110.487398,1
-0.868799,0.365112,0.091772,-6.90687,-4.222137,3.653435,0.880008,0.393345,0.138915,22.139742,24.053041,7.594318,2
-0.888306,-0.016846,-0.029663,-28.038931,21.40458,11.60458,0.922961,0.136563,0.196426,54.359082,35.04706,20.509155,0
-0.963306,0.12312,0.100684,38.540458,2.543511,0.401527,1.348174,0.486787,0.572305,119.487703,88.215746,108.450071,1
-0.619019,0.071484,0.115869,-1.327481,15.662595,5.870992,1.059249,0.67084,0.287036,55.819469,70.280084,83.151028,1
-0.456335,0.162439,0.116394,-15.81145,33.501527,16.868702,0.84245,0.346875,0.412679,61.33375,75.232387,45.357052,1
-0.425854,0.415015,0.390894,27.480916,33.893893,10.154198,0.93731,0.796987,0.836628,84.909114,101.979399,86.043068,1
-0.631836,0.253149,0.066138,10.735878,21.466412,-6.151908,1.181731,0.49803,0.229861,51.989698,68.267832,69.767565,1
-0.917285,0.207397,0.086523,17.730534,21.583206,-14.107634,0.952609,0.235756,0.139508,30.970608,27.008755,21.710623,2
-0.900171,0.059277,0.072339,-38.306107,18.417557,-1.848855,0.936029,0.22108,0.196866,51.429119,34.694154,28.30994,0
-0.868823,0.034521,-0.023389,10.719847,9.403817,-22.716031,1.266171,0.589046,0.33084,108.070666,100.978625,124.600037,1
-1.10813,-0.057153,0.127832,-7.098473,-9.516794,-13.490076,1.130691,0.278659,0.222705,36.17206,31.191716,27.799043,0
-0.7552,0.170874,0.193091,43.264122,-21.982443,-32.69771,0.771915,0.187095,0.200614,44.932253,27.92811,34.707865,2
-0.991675,0.179468,0.00459,45.235115,-1.689313,2.949618,1.032957,0.364363,0.170175,66.554123,51.430353,23.308986,0
-1.353589,0.146899,-0.082764,-4.500763,-23.683969,35.251908,1.35965,0.162877,0.129216,23.322866,55.737154,41.438554,2
-0.610449,0.285791,0.0823,12.664122,22.162595,6.765649,1.272277,0.680781,0.419779,95.340346,104.510217,98.555181,1
-0.964648,0.040137,0.14873,-36.631298,6.775573,-2.173282,1.001202,0.230559,0.226178,51.985955,38.520837,26.614982,0
-0.83407,0.042004,0.130701,-29.821374,-1.657252,7.20687,1.105291,0.556619,0.457272,62.344749,75.063409,83.899515,1
-1.137451,0.246582,0.055225,6.128244,38.821374,-29.936641,1.162974,0.256036,0.085751,13.922938,41.431397,30.919385,2
-0.779205,0.118597,-0.130792,-3.767176,-1.148855,8.383206,1.202085,0.380469,0.447825,106.758034,65.342958,94.559162,1
-1.002881,0.14082,-0.017334,14.999237,9.090076,-5.479389,1.038283,0.257096,0.163966,40.044307,43.649642,27.358355,0
-0.718311,0.272778,0.004102,-72.49542,51.777099,7.933588,0.73273,0.286389,0.150267,75.739403,64.131733,10.779688,2
-0.895264,0.30332,0.311377,-10.341221,21.20687,21.048855,0.927365,0.462563,0.396318,41.958305,34.859895,32.073827,2
-0.706372,0.280737,0.065527,-10.932061,8.849618,24.915267,0.719785,0.285149,0.120156,17.762607,23.044964,37.812321,2
-0.954224,0.010962,0.138135,-44.760305,4.170229,-1.564122,1.040977,0.310252,0.209649,76.977508,41.456763,38.384327,0
-0.913916,0.369238,0.24082,-1.3,1.21145,-6.69084,0.925484,0.429551,0.255003,15.719409,15.199651,18.625543,2
-1.065576,0.328882,0.082788,4.526718,19.735115,-21.616031,1.076194,0.337942,0.105617,13.491269,21.866603,24.616774,2
-0.459473,0.137427,0.005957,-1.075573,21.705344,-1.318321,1.001112,0.568453,0.232867,46.500021,54.097703,80.365613,1
-0.910303,0.010889,0.136719,-10.276336,-6.157252,-16.88626,0.918713,0.215378,0.162812,33.494342,19.084028,28.060402,2
-0.928662,-0.046313,0.112036,15.890076,-28.70687,-10.475573,0.944311,0.201883,0.185524,48.204817,34.934986,22.876913,0
-0.447095,-0.09353,0.075439,21.016031,0.217557,-6.69542,1.032507,0.435088,0.417252,66.282303,68.485268,71.486909,1
-0.923511,-0.010352,-0.036743,-39.469466,24.457252,19.277099,0.97471,0.155361,0.114299,54.827909,35.548987,29.965743,0
-0.909937,0.053882,0.069653,-34.147328,25.816794,-0.645038,0.971917,0.246395,0.179189,50.623456,36.049699,32.283445,0
-1.021094,0.029395,0.1479,-26.255725,7.716031,-11.248092,1.089882,0.288799,0.193019,62.724825,45.523062,29.989324,0
-1.207202,0.100098,-0.024902,5.000763,10.884733,9.208397,1.211514,0.143595,0.071284,12.258447,24.283691,26.633586,2
-0.974561,0.104199,0.036914,33.120611,-0.032061,4.681679,1.008403,0.255641,0.180001,63.368292,52.428582,33.511764,0
-0.927979,0.059888,0.256348,11.31145,-23.398473,-24.632824,0.957418,0.456481,0.357748,63.301012,25.640111,47.529486,2
-1.012671,0.10144,0.014209,-0.11145,14.959542,11.80916,1.036749,0.277819,0.280157,29.702152,29.958747,19.860476,0
-0.814429,0.469238,0.176147,-33.714504,18.668702,-9.154962,0.84586,0.537701,0.251576,42.222951,27.974481,28.21597,2
-1.029028,0.161548,0.256958,13.499237,-6.985496,13.40229,1.05617,0.371245,0.273577,38.408266,36.973596,21.94181,2
-0.703992,0.060144,0.192224,-9.607634,-11.768702,21.869466,0.999579,0.5199,0.484684,56.51885,76.877193,83.684843,1
-0.948975,0.148096,-0.010425,26.338931,-0.987786,0.212977,0.994273,0.30461,0.203949,57.144606,52.691231,25.44135,0
-1.296094,0.266919,0.0646,6.967176,-21.855725,29.722137,1.304308,0.276448,0.080905,10.145389,29.759043,40.837124,2
-0.855371,0.003589,0.024072,27.018321,-38.483206,-10.643511,0.881877,0.243327,0.128746,46.912719,48.62532,26.351906,0
-0.88064,-0.001245,0.026001,36.844275,-22.622137,-7.198473,0.88898,0.351292,0.083327,60.21585,37.837561,24.79554,0
-0.817163,0.126147,0.070044,-15.136641,14.536641,7.637405,1.186517,0.491533,0.23518,51.67958,71.236384,46.620969,1
-0.647949,0.03584,-0.044556,-2.30916,-15.376336,-20.6,1.036145,0.30672,0.540129,90.658486,85.733555,112.210396,1
-0.639532,0.210663,0.201263,11.522137,-2.159542,20.10687,1.02219,0.61691,0.649118,55.438203,63.259491,105.178526,1
-0.79375,0.153906,0.107886,-9.059542,6.636641,-0.242748,0.835503,0.245873,0.177247,28.852315,26.327419,21.256837,2
-0.744727,0.304321,0.003882,-61.039695,20.876336,17.239695,0.765505,0.330459,0.10942,64.228919,27.925733,24.418897,2
-0.936377,0.086719,-0.001733,-4.474809,31.134351,16.615267,1.006617,0.275251,0.181033,49.548271,41.708919,27.482927,0
-0.896826,0.155933,0.181372,-23.151908,-6.526718,-16.773282,1.252217,0.558865,0.556503,78.084016,111.134251,79.121553,1
-0.835815,0.005786,0.254541,-9.879389,-19.361069,3.367176,0.841976,0.140038,0.269223,20.454818,26.809967,13.440195,2
-1.044458,0.144849,-0.034277,8.614504,10.096183,1.148855,1.064086,0.256445,0.199657,31.83725,37.73532,19.962358,0
-0.822803,0.021045,0.291083,-13.089313,-5.457252,29.571756,1.228049,0.591743,0.786671,105.079723,143.996467,115.960065,1
-1.182593,0.092114,-0.051904,4.257252,16.660305,-6.557252,1.194438,0.150548,0.089364,15.929905,26.343609,16.429891,2
-0.455994,0.100305,-0.113953,25.177099,8.484733,-0.455725,0.824094,0.298461,0.397139,49.122307,52.931906,70.350696,1
-0.91626,0.0854,0.162231,-38.499237,11.177099,-0.477099,0.95813,0.165215,0.202595,54.710911,37.563454,27.674122,0
-0.952783,0.162158,-0.001538,25.387786,-4.620611,3.151908,0.981677,0.266495,0.168014,61.977963,49.81532,27.77746,0
-1.191577,0.031738,-0.002637,-8.873282,-42.520611,47.128244,1.206939,0.084049,0.040494,12.543565,47.264859,49.045661,2
-0.358618,0.284424,0.154053,14.660305,8.361069,-12.110687,0.785601,0.597949,0.315293,96.635234,109.631188,63.477226,1
-0.917114,0.419971,0.166821,-6.972519,3.60458,-1.142748,0.920603,0.474302,0.185933,27.282431,13.883237,19.65745,2
-1.109839,0.091846,-0.400195,-12.587786,-32.329008,16.935115,1.120755,0.105185,0.404478,13.758998,43.031329,23.101753,2
-0.936353,-0.020776,0.122607,15.444275,-19.632061,-11.535878,0.957212,0.177956,0.186604,26.535014,27.68623,28.233273,0
-0.664355,0.304028,0.269769,36.712977,14.816794,9.519847,1.243285,0.636007,0.705595,120.146559,103.279443,128.997558,1
-0.811548,0.034814,0.02439,18.598473,-18.183969,-5.262595,0.833339,0.344449,0.133163,69.778303,40.286959,20.034042,0
-1.046826,0.099902,0.061987,-6.954198,11.868702,8.246565,1.062741,0.175786,0.151871,22.73288,37.704532,29.738605,0
-0.683545,0.284839,-0.053516,-39.021374,-0.129771,-2.664122,1.086658,0.743522,0.683765,96.781162,106.31179,114.402098,1
-0.576855,0.180396,0.162109,-14.70458,-3.577099,-23.873282,1.012137,0.603084,0.594823,101.0312,98.262426,95.509128,1
-1.125952,0.018872,-0.011108,11.18626,19.616031,-11.284733,1.129083,0.106809,0.061106,16.528662,24.907206,13.150818,2
-1.057568,0.17854,0.01936,6.339695,10.756489,-0.426718,1.108645,0.262619,0.194575,39.531743,40.214342,17.187647,0
-0.786011,0.097485,0.163159,-0.338931,7.473282,-14.09542,0.7887,0.146938,0.17809,48.705549,19.434384,16.935031,2
-0.912744,0.047754,-0.012378,-26.245802,28.028244,11.815267,1.006399,0.125013,0.179992,47.96853,35.989157,30.155288,0
-0.958691,0.105615,0.051929,28.418321,-3.503053,5.20687,0.984924,0.269659,0.221952,55.59713,53.360705,23.676503,0
-0.995068,0.160303,-0.024121,-23.5,22.570229,6.9,1.025108,0.282238,0.150898,41.739692,38.494546,21.179273,0
-0.760132,0.047705,-0.065723,-25.970229,-1.552672,-8.948855,1.108924,0.724064,0.586483,98.176138,118.26029,81.141123,1
-0.914404,0.021655,0.011475,-29.143511,26.729008,15.572519,0.973676,0.100094,0.14727,53.428046,39.074311,22.582175,0
-0.932056,0.076318,0.037866,22.747328,-1.252672,3.327481,0.962006,0.251025,0.180242,49.228511,42.93812,27.515752,0
-0.734497,0.449219,0.061865,6.89313,-4.419847,13.793893,0.797568,0.619395,0.19998,43.980703,44.433838,38.342095,2
-0.929224,-0.0229,-0.058643,-34.212214,-9.419084,17.007634,0.936302,0.075899,0.105748,35.77258,19.701273,23.9904,1
-0.989844,0.252173,0.128638,-6.141985,11.787786,-2.362595,1.033911,0.316177,0.201164,32.308407,37.47999,18.430075,2
-0.867847,-0.010791,0.011475,44.114504,-35.359542,-8.948092,0.881648,0.307507,0.089561,65.048447,44.789403,22.705963,0
-0.921362,0.28847,0.136768,-21.854962,-12.672519,-29.80458,1.279225,0.649795,0.5124,50.603099,85.514906,40.057884,1
-0.887183,0.243188,0.078198,5.355725,8.807634,-6.185496,0.910532,0.31119,0.233557,24.257765,27.612763,18.305688,2
-0.960913,0.062866,0.113354,-37.459542,1.853435,-1.581679,1.02145,0.259478,0.204934,51.631895,42.449362,31.701557,0
-1.095557,0.104883,-0.081274,16.199237,37.183206,-1.967939,1.098469,0.151687,0.10634,17.772506,39.463722,7.444212,2
-0.687994,0.072113,0.100311,-38.218321,5.129008,-5.884733,1.064284,0.341794,0.407284,68.679034,110.241336,101.358949,1
-0.589575,0.205121,0.249219,-26.445802,-7.796947,-3.490076,1.00798,0.940492,0.649177,92.504555,117.065402,122.197049,1
-0.814771,0.125562,0.071606,-33.794656,21.572519,-14.666412,0.822913,0.24776,0.220019,42.845489,30.575223,25.672068,2
-0.527246,0.167017,0.332245,19.996947,-5.353435,20.621374,1.002355,0.560497,0.807414,68.401205,111.787693,103.314731,1
-0.696265,0.237158,0.138428,-20.575573,35.362595,12.485496,0.758825,0.241591,0.170685,28.33867,66.513552,27.138673,2
-0.98291,0.141187,0.014355,4.044275,9.217557,-5.70229,1.025075,0.355921,0.230451,57.29919,51.03167,23.25097,0
-1.158521,0.083862,-0.064453,8.329008,-25.174809,47.592366,1.163963,0.121678,0.085366,16.614822,27.627415,48.794591,2
-0.653857,0.173511,0.156567,-22.925954,-13.442748,-0.774046,1.026197,0.660652,0.386674,116.048934,101.631156,111.227395,1
-0.988306,0.011475,0.154517,-40.970992,2.592366,-9.242748,1.034984,0.322542,0.232363,59.570013,41.412677,35.324544,0
-1.054785,0.165454,-0.037207,7.267176,7.601527,2.149618,1.097538,0.221561,0.271887,45.189379,47.517767,29.383656,0
-1.012109,0.125977,-0.017969,-7.558015,17.593893,8.20687,1.0561,0.271865,0.182572,38.650778,41.433707,16.991057,0
-0.619702,0.098633,0.048584,-5.579389,11.160305,-7.074046,1.119235,0.396768,0.152196,34.789437,64.704728,57.423566,1
-0.859131,0.261743,0.178003,6.054962,-15.626718,-32.457252,0.872789,0.379715,0.186594,18.017191,20.364622,34.531565,2
-0.753198,0.195483,0.104443,32.633588,-26.890076,-44.412977,0.776476,0.228146,0.159873,41.431362,37.372529,46.042907,2
-0.943701,0.046997,0.161426,-42.512977,5.032824,-4.551908,1.036215,0.264075,0.233608,59.900114,44.7362,39.680032,0
-0.460498,0.191357,0.158252,0.342748,7.989313,-6.205344,0.99823,0.345355,0.489389,48.536091,61.893073,100.754176,1
-0.9198,0.046436,-0.048242,12.548092,17.273282,17.787023,0.96087,0.099759,0.134037,28.499066,33.152645,22.270559,0
-0.860718,0.337207,0.21355,-21.124427,21.754962,3.553435,0.905775,0.481642,0.266081,39.263141,33.359792,11.506534,2
-0.518579,0.356494,0.370459,38.248092,0.821374,-4.694656,1.162074,0.553899,0.723,110.711669,69.011021,118.865068,1
-0.684888,-0.177759,0.027612,-35.407634,-24.270992,2.078626,1.064193,0.761906,0.368817,103.122608,108.714586,93.943175,1
-0.884033,0.255933,0.145874,32.580153,-4.440458,-20.727481,0.911633,0.55354,0.205723,73.109718,13.644159,23.761625,2
-0.911328,0.046582,0.022534,-55.098473,28.189313,8.460305,1.000431,0.180628,0.224545,74.808387,41.039213,27.730313,0
-1.313086,0.211133,0.093213,-0.016031,-46.217557,38.129771,1.319973,0.22323,0.099063,12.603874,68.430336,43.673674,2
-0.912305,-0.062451,-0.205127,27.298473,9.723664,28.652672,1.257598,0.713671,0.599054,87.160407,57.362313,117.015665,1
-0.590137,-0.038135,0.01145,1.71145,-15.70458,-8.241221,0.771811,0.15697,0.066109,28.317082,30.201936,19.642948,0
-1.073877,0.021753,0.153613,-3.778626,-4.438168,-11.958779,1.085985,0.212068,0.219148,20.09551,34.821909,27.425507,0
-0.81416,0.017578,0.095532,-14.548092,2.687786,-2.467939,1.188591,0.632626,0.344649,69.367069,71.212716,58.888724,1
-0.905249,0.132007,0.0552,29.90687,0.542748,5.369466,0.931686,0.294348,0.184995,58.075818,48.588507,27.621266,0
-0.434613,0.006866,0.055841,3.761069,10.387786,9.625954,0.948871,0.620683,0.31142,39.3466,73.779338,77.667205,1
-0.633521,0.135913,-0.048804,-19.580153,-1.632824,-5.203053,1.058565,0.408618,0.518844,67.614634,87.40819,86.992445,1
-0.996021,0.054663,0.020435,25.000763,1.51374,-6.994656,1.016005,0.250719,0.143174,58.904982,37.656572,23.030159,0
-1.046631,0.13689,-0.032739,7.531298,1.620611,9.334351,1.160755,0.319747,0.256474,41.834162,44.063208,37.852073,0
-0.712549,0.149261,0.174976,-50.245038,-19.125954,-0.572519,1.091031,0.793682,0.447214,110.209185,118.685771,126.797644,1
-0.894434,0.45,0.252979,11.089313,20.626718,30.155725,1.262715,0.799159,0.628915,74.214939,77.365499,111.799666,1
-0.905225,-0.106567,0.05769,27.054198,-22.260305,-4.503817,0.921338,0.226479,0.118137,55.31736,31.293911,24.03705,0
-0.995312,0.266815,0.069501,-6.969466,2.60687,-7.999237,1.327155,0.689258,0.688356,75.943123,89.358528,105.498908,1
-0.855029,-0.066479,-0.129321,17.029008,-19.510687,-21.574809,1.203459,0.379948,0.47806,86.81833,89.066894,116.682609,1
-0.894263,0.243506,-0.108862,8.682443,31.456489,-6.254962,1.178021,0.279612,0.253785,39.840342,53.837018,44.385483,1
-0.850061,0.094763,-0.044299,-48.243511,13.785496,-5.136641,0.970283,0.184803,0.162179,60.968743,25.345985,16.175336,0
-0.684424,0.131201,0.118457,-23.554198,-14.921374,-0.092366,1.066794,0.609903,0.396331,112.194672,103.994472,110.779325,1
-0.546228,-0.066711,0.103479,-51.568702,13.009924,-10.203053,1.01798,0.763148,0.32462,80.008871,124.036691,71.688776,1
-0.907202,0.305835,0.07439,26.575573,10.193893,-14.522901,0.935283,0.586997,0.165296,62.00729,27.28749,36.701595,2
-0.956128,0.259546,0.115649,-22.551908,-1.99542,7.353435,1.31761,0.532776,0.549002,72.695853,86.725916,94.610025,1
-1.06731,0.207617,0.010376,0.651145,-27.044275,37.764885,1.072883,0.261052,0.125353,17.597281,29.99319,39.577897,2
-1.351343,0.080273,-0.053003,-2.648855,-22.432824,26.81374,1.35708,0.09771,0.072188,14.304326,42.340352,37.488243,2
-0.000061,-0.000061,-0.000061,-0.007634,-0.007634,-0.007634,0.000061,0.000061,0.000061,0.007634,0.007634,0.007634,0
-0.947754,0.142798,0.033105,-57.541221,-8.781679,-11.845802,1.310159,0.519117,0.536573,85.418894,104.869576,77.445994,1
-0.874463,0.061328,0.201904,-20.025954,-2.575573,-19.540458,0.879962,0.176838,0.206906,36.752104,8.651455,24.691998,2
-0.75896,0.202051,0.116431,-11.258015,15.008397,-10.262595,0.783224,0.307639,0.15087,29.019015,26.599335,14.898397,2
-0.704388,-0.029852,-0.062836,-15.594656,-10.778626,17.277863,1.07456,0.351545,0.296384,111.36458,50.576416,98.663428,1
-0.98103,0.000073,0.141797,-30.992366,2.400763,-6.033588,1.05109,0.31233,0.196408,51.264765,40.642925,40.926804,0
-0.845654,0.094604,0.030566,14.922901,-10.100763,-1.10458,0.853568,0.28629,0.107163,61.311674,41.078476,29.630145,0
-0.691724,0.057471,-0.111621,2.626718,-22.100763,-1.260305,1.037379,0.308434,0.425649,89.639517,67.194766,105.542362,1
-0.957349,0.001001,0.111865,8.424427,-30.714504,-10.538931,0.990372,0.309743,0.216743,60.867203,38.610721,35.504738,0
-1.13999,0.260083,0.073853,4.341985,-27.091603,41.872519,1.171685,0.281731,0.09165,17.252207,28.478627,44.198854,2
-1.02085,0.02561,0.130859,-13.061069,3.875573,-16.08855,1.034391,0.262468,0.197707,44.537375,38.025786,27.10201,0
-0.916089,0.175073,0.271021,11.89084,-1.899237,10.745038,0.948763,0.449899,0.370973,55.703881,23.965785,40.370136,2
-0.915991,0.143018,0.169873,29.667176,9.121374,-34.207634,0.951623,0.371925,0.200124,53.005258,15.737442,41.962902,2
-0.646484,0.28562,-0.053638,3.692366,8.01374,16.429008,0.682543,0.302462,0.163231,18.035525,29.424809,38.454353,2
-1.209985,-0.002197,0.027441,8.256489,-32.851145,48.549618,1.219008,0.123941,0.047657,13.480412,36.176298,51.734135,2
-0.927783,0.113574,0.085132,-2.392366,0.587786,-0.894656,0.932566,0.130483,0.100164,11.973578,8.940442,12.008487,2
-1.051538,0.336865,0.04375,16.667176,24.832824,-19.605344,1.058664,0.348324,0.08625,18.834482,28.771768,21.768425,2
-0.910596,0.058545,0.074048,15.827481,-16.249618,4.160305,0.919067,0.254822,0.152856,57.207185,35.779666,26.970523,0
-0.709912,0.030322,0.091602,-12.49771,10.306107,13.461832,1.075683,0.681527,0.318307,49.581953,64.271683,64.005201,1
-0.884863,-0.008228,-0.003076,-45.129008,17.90687,12.89313,0.907249,0.082842,0.162841,64.945332,28.392607,25.932881,0
-0.764282,0.086035,0.226318,-14.48626,6.054198,-2.085496,1.19112,0.396971,0.423044,93.776877,135.450036,97.595017,1
-0.797778,0.438135,0.120483,-10.829771,-5.809924,-9.827481,0.807889,0.474157,0.222064,20.964466,23.802057,25.005526,2
-0.753149,0.167529,0.003833,-23.038931,16.153435,1.926718,0.773279,0.177478,0.126899,31.349814,42.566116,21.776557,2
-0.849072,0.401782,0.101685,-2.258015,-3.454198,-8.625191,0.857752,0.443348,0.130941,23.215486,15.55265,16.502074,2
-0.838647,-0.071948,0.029883,37.00687,-25.228244,-3.285496,0.852988,0.312682,0.114283,57.145442,46.723336,26.360374,0
-0.657031,0.104102,0.116187,-9.820611,-16.740458,-8.561832,1.056516,0.480264,0.516961,123.188708,69.253792,88.577613,1
-0.742773,0.386011,0.071777,37.115267,-2.20229,-37.338168,0.747595,0.394133,0.100668,39.200011,13.916508,39.917354,2
-0.93042,0.217017,0.006348,-38.205344,8.154962,22.466412,1.29465,0.590088,0.748766,107.779731,164.231853,107.257314,1
-0.630811,0.105103,0.046289,-34.763359,-0.330534,-15.621374,1.04209,0.554479,0.505557,84.522896,138.011227,110.251849,1
-0.380542,0.043213,-0.086499,20.226718,17.652672,-16.239695,1.081177,0.575299,0.476334,42.578567,127.839173,91.736626,1
-0.918799,0.246655,0.253906,-2.801527,5.269466,-11.41374,0.931684,0.37301,0.277428,39.795489,17.397503,23.51906,2
-0.5229,0.186938,0.209937,-11.278626,23.207634,-11.075573,1.051491,0.458814,0.405713,61.002902,72.252106,65.227386,1
-0.902368,0.053711,-0.005444,-35.196183,24.68626,16.516794,0.949707,0.069622,0.151729,42.987744,32.885151,26.690122,0
-0.994287,0.184058,-0.010815,8.503053,10.731298,-3.30916,1.024404,0.298025,0.141473,50.672252,49.606196,25.317795,0
-0.896826,-0.005396,0.167017,-33.80458,3.384733,15.570229,1.311955,0.664973,0.488581,99.289023,136.932426,139.69327,1
-0.587964,0.347729,0.141333,-12.693893,19.917557,-11.90687,1.014305,0.650301,0.309069,66.542978,68.915261,48.841926,1
-0.345166,-0.005786,0.012891,15.449618,10.091603,-11.367939,1.068891,0.646829,0.517897,62.005938,101.721414,107.369423,1
-1.008887,0.261475,-0.1146,-49.377099,46.446565,-22.161832,1.012614,0.28757,0.201725,51.79894,51.566396,25.875281,2
-0.721313,0.22876,0.246753,38.505344,-26.629771,-18.49084,0.730636,0.260212,0.260722,39.664714,29.166612,22.795538,2
-0.932886,0.068091,0.133203,-45.579389,10.877099,3.730534,1.003183,0.243797,0.213092,71.475823,41.655404,35.12,0
-1.098267,0.147998,-0.060522,-8.645038,9.098473,8.152672,1.147781,0.348816,0.228971,45.904791,39.849097,20.192165,0
-0.968604,0.337134,0.289209,21.325191,7.357252,-11.054198,1.316856,0.945258,0.804097,119.434011,100.349412,85.109693,1
-0.800098,0.382593,0.098975,-29.282443,31.645038,-1.022901,0.813781,0.420588,0.255642,36.618206,42.057954,18.966948,2
-0.887744,0.096558,0.094507,-43.084733,15.29084,4.861832,0.952344,0.218281,0.149691,61.588689,33.422636,32.754759,0
-0.95791,0.028174,0.148071,-25.358779,4.812214,-12.991603,0.994522,0.216438,0.207022,46.457777,40.31966,35.048788,0
-0.938458,0.016986,-0.062042,-16.863359,-2.761069,18.082443,1.26888,0.382581,0.575554,97.93555,80.020166,108.503332,1
-0.900171,-0.01687,-0.064771,-49.929771,30.935878,22.800763,1.019002,0.168885,0.256974,72.968998,44.620257,42.390519,0
-0.495319,0.16037,0.283514,-48.400763,16.561069,-20.935115,1.072199,0.700424,0.56503,78.072715,139.376502,86.081456,1
-0.980591,0.154761,0.001172,25.040458,0.626718,2.547328,0.999607,0.30154,0.214735,56.469261,41.365343,29.293798,0
-1.208374,0.125977,0.029224,1.330534,-15.196947,18.938168,1.214291,0.168375,0.056988,6.694868,23.200671,26.849501,2
-0.84834,0.056714,0.178125,-3.567176,-2.316031,-25.610687,0.851436,0.129455,0.183461,13.799301,15.390906,26.593863,2
-0.856616,0.366498,0.255048,2.279389,-23.015267,-6.407634,1.171858,0.688565,0.71707,77.460473,80.019821,68.503644,1
-0.507922,0.101697,0.127625,5.696947,18.522901,16.89313,0.991054,0.282267,0.379944,65.850913,97.103828,77.059445,1
-1.163623,0.153857,-0.458252,-3.049618,-21.274046,15.034351,1.167889,0.164008,0.461222,13.78325,32.425396,20.475995,2
-0.918579,-0.031226,0.071704,14.138931,-31.661832,-2.377863,0.931425,0.140787,0.155155,35.237686,36.163799,23.575725,0
-0.413867,0.318042,0.100342,21.309924,24.91145,-7.687786,0.950177,0.619761,0.486878,57.70801,91.777348,73.845107,1
-0.982227,0.180347,-0.021411,30.821374,4.71374,2.738931,1.043319,0.262687,0.126767,43.776965,38.743481,21.760628,0
-1.035181,0.1323,-0.017163,-6.376336,22.036641,2.115267,1.06624,0.315155,0.195975,31.585278,34.531926,11.057989,0
-0.917865,0.100104,0.144293,0.138168,-2.171756,-7.544275,1.219939,0.609422,0.591249,83.914671,76.11798,82.835926,1
-0.836963,0.16792,0.206934,9.644275,-13.887786,-18.034351,0.842735,0.285192,0.223441,36.472675,20.07475,22.521475,2
-0.924609,-0.061548,0.081641,20.324427,-30.143511,-8.50916,0.943272,0.221206,0.165059,55.860221,39.907662,25.910937,0
-0.707812,0.37644,-0.070947,-11.607634,38.482443,-3.941221,0.74859,0.402883,0.172633,27.410509,45.958515,22.25527,2
-0.361914,0.289673,0.187964,29.20458,35.893893,-28.950382,0.995944,0.605266,0.523581,53.245264,67.382981,91.489403,1
-0.694922,0.242578,-0.084229,-5.768702,25.357252,-6.235115,0.716365,0.259782,0.116736,21.475385,33.825741,16.425886,2
-1.100366,0.288013,-0.271997,-15.433588,29.029008,-21.545038,1.103469,0.291615,0.335931,16.372045,35.698049,23.268149,2
-0.865405,0.386639,0.164301,-6.639695,-22.170229,-6.638168,1.177778,0.699519,0.705909,58.291484,71.90955,61.233565,1
-0.870776,0.232471,0.032837,-17.324427,6.20687,-20.405344,0.916496,0.351093,0.207257,30.385572,22.324426,24.047186,2
-1.082935,-0.046924,0.126172,-6.475573,-9.226718,-13.680153,1.096963,0.232639,0.202685,23.682794,29.334691,24.999953,0
-0.893896,0.013062,0.044971,9.647328,-17.877099,1.787786,0.900603,0.224071,0.118349,52.226109,31.376478,25.181252,0
-0.995972,0.067261,0.126929,-18.367939,3.803053,-2.850382,1.054395,0.24095,0.192581,38.742156,40.598532,29.312505,0
-0.95835,0.236987,0.105249,-7.454962,-14.855725,33.641985,1.016038,0.258506,0.148732,19.735623,38.587176,36.690915,2
-0.767749,0.022363,0.01582,4.309924,-10.222901,2.79313,1.088644,0.400173,0.377663,61.064332,112.154199,97.77259,1
-0.893677,-0.027026,-0.011084,-29.682443,17.134351,12.106107,0.964333,0.119439,0.152735,56.277618,32.880939,26.225321,0
-0.714258,0.011255,0.016748,-31.60458,-11.107634,7.491603,1.040771,0.691254,0.484769,98.409777,106.955899,101.439202,1
-0.69787,0.004376,-0.102557,-19.393893,-22.325954,5.361832,1.066489,0.279854,0.468855,69.673197,64.025581,85.373759,1
-1.022485,-0.005615,0.13374,-32.274046,3.243511,-12.422137,1.04947,0.307799,0.214964,59.076651,38.132691,34.624768,0
-0.73855,0.131348,0.096484,-13.514504,4.367176,15.974809,1.137277,0.45457,0.481043,99.708088,110.114243,114.946853,1
-1.072534,-0.032251,0.135547,-15.391603,-4.183206,-11.983206,1.086982,0.2726,0.241136,31.100579,31.431318,26.474713,0
-0.957275,0.057837,0.001196,-2.168702,-0.618321,-0.367176,0.957296,0.059017,0.005548,3.012586,0.931097,0.988056,1
-0.796729,0.132959,0.063013,-1.057252,20.753435,-27.146565,0.815168,0.206827,0.121134,12.004156,32.259894,29.949652,2
-0.975171,0.348242,0.26543,5.20687,-4.787023,-5.642748,1.00855,0.688038,0.314479,25.072805,40.054133,11.066375,2
-0.909155,0.254834,0.156567,-21.716794,-0.165649,-11.378626,1.001932,0.473429,0.315383,32.669662,30.481693,30.807684,2
-0.949512,0.029175,0.064746,-53.714504,12.329771,5.959542,1.011614,0.196075,0.133413,71.789789,31.113174,42.201521,0
-0.805493,-0.016528,0.043701,-8.292366,-13.945802,15.999237,1.155352,0.66714,0.822206,87.365655,127.901563,89.7097,1
-0.534021,0.331866,0.237506,11.479389,24.318321,12.367176,1.006913,0.682411,0.706149,55.195523,68.269106,68.765979,1
-0.761548,0.240942,0.007861,-20.507634,15.812214,12.094656,0.782108,0.247116,0.127346,24.498307,32.932921,28.722916,2
-0.327344,0.366156,0.193506,24.680153,37.09313,-41.475573,1.096858,0.821809,0.663141,92.100249,68.49985,122.777075,1
-0.948193,0.119409,0.153418,2.766412,2.554198,-5.610687,0.951125,0.13482,0.156426,12.34764,3.698471,6.488856,2
-0.881616,0.249854,0.138086,-7.487786,7.635878,-11.566412,0.885517,0.251555,0.145669,9.538293,10.489017,14.285341,2
-0.885376,0.118604,0.102563,28.245038,4.379389,-16.49542,0.921536,0.223821,0.127107,43.263298,26.286734,17.87321,2
-1.006445,0.310547,0.013672,-3.429771,-61.233588,26.417557,1.030249,0.314955,0.133036,12.511514,62.944194,30.191764,2
-0.954761,-0.036279,0.101709,3.109924,-20.714504,-8.499237,0.984691,0.277396,0.19146,44.366546,32.886395,32.178411,0
-0.971021,0.206201,0.234814,17.272519,-2.390076,5.327481,0.983342,0.374759,0.26251,38.277833,24.175302,22.630554,2
-0.785498,0.090674,0.119751,-1.614504,-4.89771,-25.270992,0.791729,0.142478,0.123357,18.299311,15.023543,26.178152,2
-0.785645,0.323364,0.104858,-5.238931,7.99771,22.2,0.80462,0.333598,0.12611,8.314123,23.530608,27.943505,2
-1.055566,0.162671,0.000342,25.335115,0.057252,1.79313,1.124051,0.32807,0.256573,55.681955,52.419686,29.14185,0
-0.900635,0.449878,0.232568,2.434351,-11.092366,-15.151908,0.978707,0.608869,0.3286,34.6904,27.401313,26.82577,2
-1.054346,0.068481,-0.177808,13.480916,-67.30458,12.406107,1.075524,0.099708,0.233589,17.671124,70.144728,18.557592,2
-1.111597,0.234106,0.0802,-14.052672,-22.114504,48.472519,1.139121,0.238708,0.110255,19.097568,35.145409,48.909933,2
-1.062329,0.274561,0.214941,-2.61145,12.537405,-13.505344,1.091068,0.515026,0.23374,54.167195,38.112399,19.570209,2
-0.658472,0.319067,0.17356,-6.591603,12.941985,-18.432061,0.672432,0.344577,0.182768,18.017819,24.562826,21.606353,2
-0.677173,0.117578,-0.027856,-27.638168,5.161069,-16.5,0.705301,0.176715,0.113396,33.490697,29.253109,27.556711,2
-0.944067,0.005322,-0.075781,-9.181679,13.89313,13.849618,0.971114,0.206256,0.128058,33.335873,29.399541,21.321294,0
-0.675391,0.1677,-0.063794,1.151908,11.263359,-13.589313,0.68893,0.177399,0.11503,10.577421,22.574024,28.737566,2
-0.64751,0.456299,0.326978,57.361832,40.782443,9.830534,1.273047,0.749775,0.823519,90.138877,112.750561,121.838924,1
-1.004517,-0.048071,0.08396,10.330534,-21.691603,-13.792366,1.027341,0.225897,0.189919,48.432569,26.831676,33.883345,0
-1.010376,0.325342,-0.291284,-2.640458,-10.674809,7.774809,1.02309,0.340616,0.294637,15.179993,17.178897,16.24048,2
-0.864526,0.124268,0.151221,-0.452672,9.722901,6.106107,0.869787,0.133979,0.167458,22.030846,18.396632,20.362507,2
-0.974146,0.199731,0.31001,15.247328,-3.146565,-4.254962,1.024341,0.451541,0.392032,46.092262,27.808476,20.095016,2
-1.103955,-0.002197,0.117139,-7.79771,-9.574809,-11.561069,1.11999,0.313865,0.204478,32.78087,31.430494,29.820693,0
-0.840308,0.061572,0.014233,10.275573,-17.471756,-0.753435,0.858128,0.207221,0.102285,35.711686,33.818489,24.386678,0
-1.255664,0.316162,0.022705,14.29771,12.525954,8.835115,1.271453,0.33138,0.081883,21.857355,30.975651,17.606339,2
-1.035571,0.107788,0.095947,41.916031,-4.655725,2.247328,1.09667,0.335986,0.150771,69.277658,41.366469,28.549796,0
-0.873486,0.040332,0.036377,8.445802,-20.408397,-0.037405,0.888844,0.238621,0.14783,50.152888,34.970428,25.358403,0
-0.930981,0.124341,0.069775,23.40687,0.789313,11.526718,0.953295,0.233896,0.096482,29.411365,17.711734,19.611843,0
-0.685504,0.291864,0.045648,6.781679,23.808397,14.543511,1.141846,0.749337,0.288874,48.679097,77.980132,73.113132,1
-0.60484,0.119379,-0.051251,-11.836641,-13.30687,-6.08855,1.056683,0.320804,0.494262,99.024066,86.759944,100.494675,1
-0.503955,0.058081,0.093066,1.850382,16.060305,-7.751145,0.976173,0.525939,0.270872,43.873387,65.515813,82.676017,1
-0.667859,0.122229,0.204578,-6.580153,12.734351,10.303053,1.046784,0.505067,0.449931,97.799372,109.841874,95.810956,1
-0.921289,0.081348,0.057715,-34.627481,0.189313,-14.09313,1.315068,0.395001,0.459211,57.126993,80.631717,80.156432,1
-0.998999,0.107227,-0.474146,-5.883969,-7.909924,2.344275,1.001381,0.116719,0.477665,10.395264,18.440229,11.637878,2
-0.558594,0.154614,0.095728,-53.29313,7.641985,-16.309924,1.035712,0.515406,0.548444,88.343223,114.400168,103.299142,1
-0.893042,0.006689,-0.046313,-21.89313,23.978626,15.329008,0.960912,0.077828,0.178594,48.087362,39.252314,27.192487,0
-0.741235,0.097192,0.014209,-6.917557,-15.237405,-13.673282,1.109456,0.204431,0.305121,53.839772,85.710345,65.790109,1
-0.955054,-0.02749,0.081738,6.680153,-25.087786,-5.347328,0.965238,0.244257,0.148199,48.404703,30.125266,22.644175,0
-0.645251,0.001233,-0.022424,-58.348092,10.049618,12.887023,0.740541,0.138659,0.06932,69.016654,14.522415,22.18212,0
-0.949658,0.046826,0.022827,-16.387786,18.396183,15.967939,0.977891,0.16037,0.212051,46.014192,30.138707,25.795699,0
-0.441846,0.385229,0.178613,-3.816031,-5.766412,-0.331298,0.842185,0.565314,0.37194,81.560375,113.035091,61.169407,1
-0.90752,0.009277,-0.029248,-17.745802,-17.777099,-14.269466,1.269823,0.744073,0.376532,87.476672,120.150554,114.803448,1
-0.938501,0.091626,0.177539,7.236641,1.241985,-1.919084,0.938519,0.09203,0.177894,8.850793,1.565881,2.006954,2
-0.962793,0.129224,0.023315,28.122137,-2.077099,1.930534,0.991237,0.315106,0.244102,59.974556,49.947268,23.969815,0
-0.761108,0.298016,0.11684,-25.425954,10.350382,13.454962,1.276468,0.813586,0.793524,107.117835,99.490481,117.581974,1
-0.839893,0.129907,0.159106,17.883206,2.89313,-13.375573,0.86312,0.172885,0.178136,21.788505,14.78773,16.282222,2
-1.212524,0.181616,0.080566,-2.929008,-36.045802,35.09771,1.224618,0.19517,0.101131,10.92403,42.372303,37.056407,2
-0.493457,-0.030591,0.126831,-45.880916,22.799237,-43.340458,0.928485,0.77685,0.516765,79.316077,123.156993,86.496072,1
-0.684399,0.200073,0.202856,-28.835115,1.784733,-23.129008,1.151667,0.708515,0.603938,118.484067,100.051046,81.223396,1
-0.577899,-0.025067,0.042926,-2.064885,-15.756489,-5.450382,0.76037,0.226308,0.085984,34.918859,23.253878,27.344608,0
-0.348535,0.478784,0.251263,1.465649,23.669466,-29.324427,0.901338,0.703501,0.822945,79.769841,72.917488,75.340713,1
-1.075562,0.195288,-0.023755,7.772519,8.916031,8.799237,1.117008,0.329838,0.335021,39.489422,36.888585,24.085624,0
-0.883594,-0.056104,0.044116,44.283969,-32.89084,-12.635115,0.898337,0.236503,0.097511,58.06555,39.571237,21.944982,0
-1.013818,0.011328,0.11145,-6.771756,-18.225191,-1.356489,1.023668,0.233853,0.196054,26.056815,28.632932,28.96403,0
-1.162378,0.158374,0.034155,5.383206,27.061069,-11.145802,1.179392,0.209928,0.078312,12.818771,30.857504,15.80778,2
-0.897729,-0.042798,0.033301,31.990076,-28.917557,-13.761832,0.91227,0.23222,0.0915,45.664622,42.112817,26.528942,0
-0.54104,0.222754,0.179004,-12.038931,12.355725,-15.512214,1.059714,0.540146,0.344553,49.008243,74.092887,47.283061,1
-0.530713,0.412817,0.046289,-20.435878,-11.29313,-14.230534,1.030008,0.71564,0.504257,100.288422,71.090198,88.418669,1
-0.99043,0.236646,-0.136938,-12.061832,55.875573,-16.339695,0.9985,0.245311,0.206407,15.359467,57.654302,18.058909,2
-0.759912,0.4448,0.249756,-2.830534,0.152672,-9.80229,0.809449,0.509645,0.379219,38.864338,26.354678,25.877126,2
-0.992187,-0.011377,0.098633,7.058779,4.048855,-12.184733,1.03637,0.34259,0.178056,60.59931,37.255138,43.282169,0
-0.802686,0.193701,0.091431,-6.69771,3.59084,33.871756,0.831193,0.214258,0.132419,20.515006,38.007375,42.007516,2
-1.023926,-0.08728,-0.077954,-14.770229,-9.842748,-6.337405,1.032441,0.099254,0.087075,15.378697,11.677619,8.351793,2
-0.803149,0.373267,0.065967,2.912214,-7.553435,4.254198,0.808058,0.386466,0.126443,14.739204,27.513707,16.457753,2
-0.512769,0.153125,0.311133,-31.872519,25.056489,-10.252672,0.979814,0.93051,0.637695,93.945341,124.21345,108.284123,1
-0.907349,0.314233,0.133301,3.151908,13.48626,2.367939,0.915011,0.348131,0.145215,32.317774,40.649488,25.073635,2
-0.567358,0.222559,0.087158,-38.564122,12.993893,-7.783969,1.013477,0.568576,0.542323,123.182012,120.279841,110.693861,1
-0.791602,0.420923,0.124438,-2.671756,-0.034351,-0.643511,0.799254,0.447009,0.156369,21.862285,28.781556,12.723499,2
-1.017407,0.062964,-0.03335,-16.453435,26.703053,17.670229,1.09268,0.157026,0.248334,34.551728,36.914873,28.102237,0
-1.013293,0.129407,0.041785,-11.279389,-19.480916,21.541985,1.288114,0.413263,0.509686,98.432254,113.562031,105.365506,1
-0.689014,0.282446,0.228687,-0.047328,22.872519,-10.063359,0.696344,0.335943,0.348608,35.603641,40.317498,26.775882,2
-0.767139,0.170874,0.001392,-35.606107,-7.70916,11.421374,1.221141,0.66325,0.592665,125.092201,123.996886,125.532855,1
-0.724756,0.054272,-0.072388,-27.176336,32.582443,-9.487786,0.725828,0.183933,0.167573,36.974879,36.280206,21.989451,2
-0.999707,0.016602,0.118164,42.764122,-0.229008,15.085496,1.388768,0.509571,0.772619,111.882299,111.658855,129.213219,1
