-0.957275,0.057837,0.001196,-2.168702,-0.618321,-0.367176,0.957296,0.059017,0.005548,3.012586,0.931097,0.988056,1
-0.969482,0.077222,-0.006763,-1.451908,2.259542,3.348092,0.969578,0.090233,0.031015,7.022328,3.84285,4.447918,1
-0.929224,-0.0229,-0.058643,-34.212214,-9.419084,17.007634,0.936302,0.075899,0.105748,35.77258,19.701273,23.9904,1
-1.019482,0.152905,0.181714,-36.673282,-10.90687,26.959542,1.03395,0.247114,0.240935,57.723544,34.427207,33.436414,1
-0.894263,0.243506,-0.108862,8.682443,31.456489,-6.254962,1.178021,0.279612,0.253785,39.840342,53.837018,44.385483,1
-0.98728,0.219995,0.15957,-17.138931,-3.3,-11.619847,1.348876,0.464726,0.235685,33.416836,57.072239,24.85407,1
-0.903931,0.355103,0.117822,11.964885,-17.476336,-0.012214,1.170038,0.57252,0.626601,55.650286,70.955686,56.354252,1
-0.790723,0.315479,0.140625,-12.409924,25.992366,8.335115,1.227412,0.507982,0.298372,42.239889,61.054491,35.513942,1
-0.865405,0.386639,0.164301,-6.639695,-22.170229,-6.638168,1.177778,0.699519,0.705909,58.291484,71.90955,61.233565,1
-0.587964,0.347729,0.141333,-12.693893,19.917557,-11.90687,1.014305,0.650301,0.309069,66.542978,68.915261,48.841926,1
-0.456335,0.162439,0.116394,-15.81145,33.501527,16.868702,0.84245,0.346875,0.412679,61.33375,75.232387,45.357052,1
-0.861792,0.255518,0.009424,25.364122,21.780916,15.025191,1.213549,0.507043,0.30432,59.564018,72.405732,75.654989,1
-0.921362,0.28847,0.136768,-21.854962,-12.672519,-29.80458,1.279225,0.649795,0.5124,50.603099,85.514906,40.057884,1
-0.829102,0.096729,-0.12019,-1.869466,-0.862595,5.908397,1.149865,0.16348,0.37172,44.919971,74.517196,66.312254,1
-0.774756,0.147021,0.049048,-12.88855,20.741221,15.445038,1.163605,0.440633,0.220726,43.257989,52.63273,35.262421,1
-0.856616,0.366498,0.255048,2.279389,-23.015267,-6.407634,1.171858,0.688565,0.71707,77.460473,80.019821,68.503644,1
-0.54104,0.222754,0.179004,-12.038931,12.355725,-15.512214,1.059714,0.540146,0.344553,49.008243,74.092887,47.283061,1
-0.658698,0.127533,-0.071027,-0.432061,15.310687,2.771756,1.066801,0.366154,0.401915,44.340646,67.897583,52.199466,1
-0.878125,0.04668,-0.037085,9.883206,16.641221,10.820611,1.222129,0.366022,0.412517,30.414847,72.047786,65.982811,1
-0.702991,0.089465,0.103235,-16.194656,10.526718,-0.335115,1.157808,0.479423,0.203794,47.994162,69.814437,41.918063,1
-0.455994,0.100305,-0.113953,25.177099,8.484733,-0.455725,0.824094,0.298461,0.397139,49.122307,52.931906,70.350696,1
-0.606519,0.138672,0.10481,-20.242748,7.479389,-5.292366,1.108456,0.468297,0.248319,52.965015,75.071049,54.401892,1
-0.534021,0.331866,0.237506,11.479389,24.318321,12.367176,1.006913,0.682411,0.706149,55.195523,68.269106,68.765979,1
-0.620972,0.229883,0.154102,-24.348855,19.734351,10.787786,1.031207,0.615811,0.401045,54.064438,71.853751,70.885014,1
-0.981079,0.051074,-0.030469,-12.682443,-16.422901,-9.977863,1.343429,0.425071,0.348572,31.482289,83.542865,42.016104,1
-0.849561,0.149878,-0.061401,-10.369466,4.228244,-0.284733,1.181755,0.336797,0.353069,52.58722,87.868775,75.273131,1
-0.817163,0.126147,0.070044,-15.136641,14.536641,7.637405,1.186517,0.491533,0.23518,51.67958,71.236384,46.620969,1
-0.741235,0.097192,0.014209,-6.917557,-15.237405,-13.673282,1.109456,0.204431,0.305121,53.839772,85.710345,65.790109,1
-0.619702,0.098633,0.048584,-5.579389,11.160305,-7.074046,1.119235,0.396768,0.152196,34.789437,64.704728,57.423566,1
-0.75459,0.034546,0.007593,-37.781679,5.971756,13.061832,1.095772,0.31454,0.390071,50.63556,85.571099,63.358534,1
-0.844684,0.374402,0.162439,-4.764122,25.408397,17.122137,1.229496,0.704931,0.689268,48.126754,58.279225,81.763442,1
-0.827368,0.174609,0.306104,-17.574809,10.974046,13.170992,1.18001,0.472161,0.458095,78.022055,94.247087,67.141277,1
-0.490656,0.156342,-0.088287,-4.516031,-13.467939,2.915267,0.810752,0.291191,0.518463,71.495843,61.34961,96.942247,1
-0.5229,0.186938,0.209937,-11.278626,23.207634,-11.075573,1.051491,0.458814,0.405713,61.002902,72.252106,65.227386,1
-0.633521,0.135913,-0.048804,-19.580153,-1.632824,-5.203053,1.058565,0.408618,0.518844,67.614634,87.40819,86.992445,1
-0.858502,0.062128,0.021063,40.039695,22.872519,5.812214,1.28833,0.42607,0.329093,92.199019,91.754873,94.490485,1
-0.649377,0.139978,0.224084,9.053435,20.335115,2.901527,1.152028,0.514513,0.384894,52.342389,63.997763,38.336355,1
-0.61402,0.218109,0.10705,23.832824,-27.60916,9.850382,0.955807,0.381549,0.327738,83.064352,72.580692,92.030842,1
-0.459473,0.137427,0.005957,-1.075573,21.705344,-1.318321,1.001112,0.568453,0.232867,46.500021,54.097703,80.365613,1
-0.822583,0.389154,0.260272,-48.684733,4.01374,-0.746565,1.200502,0.768261,0.766059,81.376517,94.980532,78.455288,1
-0.963306,0.12312,0.100684,38.540458,2.543511,0.401527,1.348174,0.486787,0.572305,119.487703,88.215746,108.450071,1
-0.81416,0.017578,0.095532,-14.548092,2.687786,-2.467939,1.188591,0.632626,0.344649,69.367069,71.212716,58.888724,1
-0.807745,0.074701,-0.101422,-10.833588,-28.296947,2.580153,1.099838,0.157721,0.518097,54.789183,78.401967,88.400927,1
-0.631836,0.253149,0.066138,10.735878,21.466412,-6.151908,1.181731,0.49803,0.229861,51.989698,68.267832,69.767565,1
-0.867456,0.140503,0.158301,-25.833588,2.247328,2.936641,1.250019,0.593288,0.613901,58.408435,94.792017,71.757642,1
-0.995312,0.266815,0.069501,-6.969466,2.60687,-7.999237,1.327155,0.689258,0.688356,75.943123,89.358528,105.498908,1
-0.709912,0.030322,0.091602,-12.49771,10.306107,13.461832,1.075683,0.681527,0.318307,49.581953,64.271683,64.005201,1
-0.717969,-0.001245,-0.027954,-13.040458,-14.132824,-21.084733,1.11108,0.227697,0.408584,72.870968,75.094993,91.266196,1
-0.685504,0.291864,0.045648,6.781679,23.808397,14.543511,1.141846,0.749337,0.288874,48.679097,77.980132,73.113132,1
-0.861182,0.008936,0.021436,-21.5,-20.533588,10.284733,1.268376,0.607381,0.647719,87.817337,94.767803,112.868071,1
-0.481384,0.08988,-0.097815,37.337405,28.500763,7.573282,0.926959,0.297538,0.48086,79.91392,80.267053,101.12849,1
-0.693384,0.319995,0.137939,0.779389,21.437405,18.894656,1.181046,0.647599,0.407119,49.021144,99.501761,51.939109,1
-0.437036,0.304462,0.301508,9.883206,15.635878,26.725954,0.835527,0.663666,0.6835,42.207287,81.944144,70.020584,1
-0.503955,0.058081,0.093066,1.850382,16.060305,-7.751145,0.976173,0.525939,0.270872,43.873387,65.515813,82.676017,1
-0.956128,0.259546,0.115649,-22.551908,-1.99542,7.353435,1.31761,0.532776,0.549002,72.695853,86.725916,94.610025,1
-0.984302,0.205902,0.059906,-13.387786,-0.234351,-4.743511,1.350033,0.694361,0.756195,70.223005,110.10106,119.447927,1
-0.581177,0.119507,0.125781,-1.61145,13.729008,10.129771,1.070664,0.692062,0.312635,60.43141,82.798474,66.754986,1
-0.647949,0.03584,-0.044556,-2.30916,-15.376336,-20.6,1.036145,0.30672,0.540129,90.658486,85.733555,112.210396,1
-0.519818,0.263477,0.225806,-8.09084,20.815267,35.668702,0.921411,0.853662,0.671316,31.95465,70.840263,69.384265,1
-0.998242,0.070361,0.116504,-29.772519,2.603817,-7.061069,1.393009,0.70806,0.316263,61.54876,96.353672,92.967934,1
-0.644385,0.026807,-0.209253,22.316794,-1.949618,-8.114504,0.990793,0.265255,0.493364,77.300807,91.474893,105.85328,1
-0.41333,0.140308,0.088184,-7.016031,17.551908,6.993893,0.955539,0.475182,0.330729,44.202853,88.768357,67.986983,1
-0.746777,0.082251,0.071313,-30.325191,3.570229,-14.855725,1.185314,0.372116,0.466411,41.378563,79.823668,97.373802,1
-0.894434,0.45,0.252979,11.089313,20.626718,30.155725,1.262715,0.799159,0.628915,74.214939,77.365499,111.799666,1
-0.896826,0.155933,0.181372,-23.151908,-6.526718,-16.773282,1.252217,0.558865,0.556503,78.084016,111.134251,79.121553,1
-0.739233,0.336346,0.231885,-8.664885,-39.548092,-0.1,1.085307,0.747685,0.657008,103.231954,110.096067,105.39041,1
-0.386182,0.054663,0.174902,6.798473,19.508397,-19.59542,1.028742,0.54964,0.404351,61.805704,90.912427,91.175179,1
-0.73855,0.131348,0.096484,-13.514504,4.367176,15.974809,1.137277,0.45457,0.481043,99.708088,110.114243,114.946853,1
-0.884283,0.088446,-0.156891,3.325191,15.208397,6.047328,1.250817,0.717489,0.603469,74.380297,90.506181,101.433515,1
-0.623169,0.179639,0.248145,-18.522901,7.474809,14.644275,1.059454,0.541598,0.433999,59.986579,89.013246,64.067091,1
-0.779858,0.082812,0.126025,-11.017557,-9.040458,-20.687786,1.181883,0.526676,0.66768,62.572981,102.846789,105.753514,1
-0.434613,0.006866,0.055841,3.761069,10.387786,9.625954,0.948871,0.620683,0.31142,39.3466,73.779338,77.667205,1
-1.013293,0.129407,0.041785,-11.279389,-19.480916,21.541985,1.288114,0.413263,0.509686,98.432254,113.562031,105.365506,1
-0.828564,0.05564,-0.070093,-8.145038,-4.258015,-21.478626,1.19674,0.356341,0.536388,72.114352,92.661182,105.432161,1
-0.507922,0.101697,0.127625,5.696947,18.522901,16.89313,0.991054,0.282267,0.379944,65.850913,97.103828,77.059445,1
-0.655573,0.276434,0.142792,-4.960305,3.636641,-6.872519,1.086488,0.633039,0.36367,110.505792,114.312407,108.909248,1
-0.689526,0.175366,0.055518,13.271756,16.725954,26.336641,1.160227,0.54201,0.315416,73.114264,65.772038,108.674551,1
-0.921289,0.081348,0.057715,-34.627481,0.189313,-14.09313,1.315068,0.395001,0.459211,57.126993,80.631717,80.156432,1
-0.691724,0.057471,-0.111621,2.626718,-22.100763,-1.260305,1.037379,0.308434,0.425649,89.639517,67.194766,105.542362,1
-0.416895,0.075977,0.050366,8.405344,19.550382,-18.924427,0.994949,0.720258,0.216166,37.785078,49.733209,65.875394,1
-0.683069,-0.002502,-0.084167,-4.872519,-6.972519,12.265649,1.066146,0.379988,0.435134,94.059474,77.518404,110.693214,1
-0.825079,0.054315,-0.141901,8.078626,-3.740458,-15.864122,1.187518,0.446584,0.509426,96.988486,81.489886,107.901562,1
-0.619019,0.071484,0.115869,-1.327481,15.662595,5.870992,1.059249,0.67084,0.287036,55.819469,70.280084,83.151028,1
-0.60484,0.119379,-0.051251,-11.836641,-13.30687,-6.08855,1.056683,0.320804,0.494262,99.024066,86.759944,100.494675,1
-0.720215,0.192847,0.106592,25.281679,8.641985,10.492366,1.161083,0.485511,0.366084,69.801269,55.816201,107.55085,1
-0.974512,0.083423,0.072119,-48.184733,-6.261069,-14.247328,1.355498,0.537016,0.517389,76.905352,84.528229,91.28516,1
-0.788123,-0.001501,-0.100623,9.596183,-19.989313,12.126718,1.060621,0.337113,0.433651,91.040187,73.631193,98.319946,1
-0.501978,0.129419,0.079297,-14.630534,23.809924,0.383969,1.038863,0.638827,0.256933,33.622299,51.575501,93.896886,1
-0.658496,0.2789,0.265009,-27.29084,-5.19771,-0.726718,1.116292,0.678476,0.722245,84.61945,112.778606,95.410812,1
-0.912305,-0.062451,-0.205127,27.298473,9.723664,28.652672,1.257598,0.713671,0.599054,87.160407,57.362313,117.015665,1
-0.83407,0.042004,0.130701,-29.821374,-1.657252,7.20687,1.105291,0.556619,0.457272,62.344749,75.063409,83.899515,1
-0.69787,0.004376,-0.102557,-19.393893,-22.325954,5.361832,1.066489,0.279854,0.468855,69.673197,64.025581,85.373759,1
-0.632123,0.149982,0.060992,11.338931,6.671756,8.461069,1.083237,0.324299,0.220455,39.700895,53.504849,73.466108,1
-0.938458,0.016986,-0.062042,-16.863359,-2.761069,18.082443,1.26888,0.382581,0.575554,97.93555,80.020166,108.503332,1
-0.855029,-0.066479,-0.129321,17.029008,-19.510687,-21.574809,1.203459,0.379948,0.47806,86.81833,89.066894,116.682609,1
-0.529932,0.12915,0.09314,-5.10229,26.025191,12.014504,0.985856,0.67242,0.364741,51.940338,53.815365,71.333521,1
-0.608008,0.085767,-0.054419,-4.450382,-0.922901,-11.436641,1.110745,0.406238,0.542128,93.193446,89.923329,96.638879,1
-0.889307,0.124561,0.017456,-12.492366,29.153435,25.234351,1.272225,0.415988,0.494253,29.614324,80.70435,95.281851,1
-0.843384,0.013037,0.149634,-24.877099,-8.50229,-16.89542,1.244833,0.445393,0.46781,64.482832,95.14088,107.916577,1
-0.762085,0.253217,0.220331,-17.917557,-28.834351,5.568702,1.102331,0.704492,0.698567,85.335425,110.074682,95.871655,1
-0.426727,0.034839,0.18396,-8.607634,10.575573,13.048092,0.952472,0.537636,0.459799,35.156115,71.417169,83.079389,1
-0.779205,0.118597,-0.130792,-3.767176,-1.148855,8.383206,1.202085,0.380469,0.447825,106.758034,65.342958,94.559162,1
-1.04292,0.011743,0.15022,-1.438168,3.748855,-3.857252,1.41699,0.431396,0.538134,48.160086,101.114726,107.565876,1
-0.703992,0.060144,0.192224,-9.607634,-11.768702,21.869466,0.999579,0.5199,0.484684,56.51885,76.877193,83.684843,1
-0.717041,0.153052,0.215186,-9.963359,-1.335115,-16.20916,1.075089,0.518691,0.570479,49.794708,103.009993,83.459163,1
-0.58623,0.288177,0.320404,-23.685496,-7.606107,4.503053,1.05582,0.730189,0.794742,62.064719,77.041053,104.820005,1
-0.989526,0.058325,0.246045,-21.672519,-3.526718,-7.058779,1.381537,0.523704,0.47269,75.328674,131.411436,108.446797,1
-0.767749,0.022363,0.01582,4.309924,-10.222901,2.79313,1.088644,0.400173,0.377663,61.064332,112.154199,97.77259,1
-0.460498,0.191357,0.158252,0.342748,7.989313,-6.205344,0.99823,0.345355,0.489389,48.536091,61.893073,100.754176,1
-0.914526,0.182617,0.092187,-17.844275,6.352672,5.831298,1.301032,0.564721,0.323607,71.162335,85.109987,101.796467,1
-1.048584,-0.002197,0.016577,6.58855,8.675573,-3.261069,1.435592,0.49,0.453483,76.183167,81.159582,105.90578,1
-0.696753,0.257104,0.162646,-9.537405,8.487023,9.625954,1.14292,0.40239,0.512691,63.607893,77.095548,97.437097,1
-0.736035,0.090747,0.056665,-5.134351,-21.121374,-16.617557,1.171447,0.380731,0.36113,75.669844,99.497626,113.888349,1
-0.639532,0.210663,0.201263,11.522137,-2.159542,20.10687,1.02219,0.61691,0.649118,55.438203,63.259491,105.178526,1
-0.935864,-0.017236,0.197144,-28.748855,4.584733,-5.999237,1.332831,0.582572,0.527546,78.878378,111.651445,104.555776,1
-0.840088,-0.018604,-0.09104,-6.954198,-24.812977,-3.770229,1.173537,0.367453,0.44948,63.137362,85.701485,90.302773,1
-0.412671,0.197217,0.035107,0.745038,28.869466,-14.107634,0.958279,0.406955,0.369914,45.753868,61.545273,77.849977,1
-0.742139,-0.038135,-0.05625,2.98626,-4.30916,13.064885,1.198982,0.463588,0.390634,94.271687,69.47606,103.621037,1
-0.909424,0.33584,0.039355,-7.773282,4.825954,-11.685496,1.304186,0.603536,0.558059,101.359992,115.396822,104.995797,1
-0.553882,0.19668,0.187158,10.236641,6.196183,6.157252,1.065603,0.427345,0.47734,64.77789,65.822871,94.47556,1
-0.687994,0.072113,0.100311,-38.218321,5.129008,-5.884733,1.064284,0.341794,0.407284,68.679034,110.241336,101.358949,1
-0.932727,0.223059,0.077478,34.812214,17.515267,40.712214,1.376223,0.600384,0.570814,52.22827,79.399153,101.564615,1
-0.930859,0.175171,0.216382,-25.170229,4.942748,-6.425191,1.295998,0.656893,0.54255,80.328554,85.824419,98.706034,1
-0.621613,0.15224,0.105072,-32.939695,-7.278626,5.945038,1.088857,0.528228,0.39922,114.322982,106.264666,92.881994,1
-0.447095,-0.09353,0.075439,21.016031,0.217557,-6.69542,1.032507,0.435088,0.417252,66.282303,68.485268,71.486909,1
-0.917865,0.100104,0.144293,0.138168,-2.171756,-7.544275,1.219939,0.609422,0.591249,83.914671,76.11798,82.835926,1
-0.704388,-0.029852,-0.062836,-15.594656,-10.778626,17.277863,1.07456,0.351545,0.296384,111.36458,50.576416,98.663428,1
-0.609479,-0.141217,-0.049982,24.444275,-6.682443,-2.058015,1.022041,0.434398,0.225663,45.049691,45.610887,74.929288,1
-1.005762,0.243774,0.304224,-21.71374,-24.090076,25.171756,1.322067,0.674215,0.654528,65.080382,114.063264,90.194093,1
-0.675983,-0.177521,-0.096051,-20.549618,13.141985,-42.206107,1.055562,0.372138,0.250338,79.998035,89.957759,91.119149,1
-0.730029,0.096313,0.22373,30.183969,-6.822137,19.178626,1.045564,0.662521,0.55944,91.118146,94.343838,94.797963,1
-0.667859,0.122229,0.204578,-6.580153,12.734351,10.303053,1.046784,0.505067,0.449931,97.799372,109.841874,95.810956,1
-0.610449,0.285791,0.0823,12.664122,22.162595,6.765649,1.272277,0.680781,0.419779,95.340346,104.510217,98.555181,1
-0.72464,0.038641,0.124896,-38.641221,11.08626,-31.00916,1.169493,0.573709,0.469096,74.239811,93.296394,95.222812,1
-0.684424,0.131201,0.118457,-23.554198,-14.921374,-0.092366,1.066794,0.609903,0.396331,112.194672,103.994472,110.779325,1
-0.380542,0.043213,-0.086499,20.226718,17.652672,-16.239695,1.081177,0.575299,0.476334,42.578567,127.839173,91.736626,1
-0.788013,0.100513,0.064502,-25.801527,-4.192366,3.09771,1.139087,0.767811,0.781368,114.357019,125.014134,138.077826,1
-0.872461,0.002808,-0.080737,6.635878,-2.69313,-18.967176,1.281844,0.306007,0.274325,108.81175,62.519754,107.239098,1
-0.580469,0.014087,0.103906,21.20229,12.041985,1.383206,1.057388,0.718432,0.44083,45.373497,114.649702,109.435086,1
-0.660547,0.011377,-0.010669,-29.905344,12.445802,-18.338931,1.096183,0.609935,0.502495,75.844647,126.264361,101.235957,1
-0.664355,0.304028,0.269769,36.712977,14.816794,9.519847,1.243285,0.636007,0.705595,120.146559,103.279443,128.997558,1
-0.818237,-0.130713,0.229224,1.014504,-22.809924,-25.623664,1.298499,0.823273,0.538804,110.072925,129.577274,121.782708,1
-0.684888,-0.177759,0.027612,-35.407634,-24.270992,2.078626,1.064193,0.761906,0.368817,103.122608,108.714586,93.943175,1
-0.358081,0.069214,0.142505,48.414504,12.614504,-24.231298,1.091951,0.644865,0.432092,74.748335,113.40458,107.780147,1
-0.600537,0.241431,0.399878,-28.599237,6.746565,-15.920611,1.094194,0.766093,0.840823,115.864056,100.218281,94.092153,1
-0.866315,0.007465,0.03454,32.615267,10.903053,-6.359542,1.344442,0.52088,0.426615,105.335131,100.385384,130.427346,1
-0.74679,-0.017493,0.247522,14.399237,-17.829771,17.121374,1.040857,0.329179,0.539494,96.816537,89.738706,87.473467,1
-0.546228,-0.066711,0.103479,-51.568702,13.009924,-10.203053,1.01798,0.763148,0.32462,80.008871,124.036691,71.688776,1
-0.516943,0.226929,0.357275,34.933588,3.407634,-24.734351,1.135985,0.660979,0.533823,95.743584,116.128375,110.487398,1
-0.924951,0.000537,0.15647,-34.427481,13.812214,26.142748,1.240434,0.473599,0.724607,130.1471,158.536551,103.075693,1
-0.802106,-0.154987,0.056244,-45.430534,-27.10916,-18.275573,1.20124,0.794386,0.35638,90.441409,78.760974,66.199743,1
-0.589893,0.110547,0.353027,29.066412,17.327481,-5.500763,1.14068,0.636341,0.735401,87.467015,94.769809,96.252325,1
-0.493457,-0.030591,0.126831,-45.880916,22.799237,-43.340458,0.928485,0.77685,0.516765,79.316077,123.156993,86.496072,1
-0.887842,0.038989,0.22998,15.024427,-27.793893,-1.608397,1.296581,0.845997,0.72978,115.159088,89.392918,108.656613,1
-0.774976,0.00061,0.324829,-20.226718,-1.533588,-1.206107,1.200096,0.485366,0.444132,112.056891,114.539461,99.403475,1
-0.872705,0.28396,0.205737,-28.824427,-25.922901,4.115267,1.186784,0.580706,0.492687,95.788909,81.021672,73.983889,1
-0.42478,0.23689,0.054224,21.792366,16.596947,-29.161069,0.960593,0.55357,0.302772,91.844232,106.093421,113.178484,1
-0.495319,0.16037,0.283514,-48.400763,16.561069,-20.935115,1.072199,0.700424,0.56503,78.072715,139.376502,86.081456,1
-0.999707,0.016602,0.118164,42.764122,-0.229008,15.085496,1.388768,0.509571,0.772619,111.882299,111.658855,129.213219,1
-0.642187,0.171484,0.316309,11.872519,11.023664,6.08855,1.045566,0.450815,0.589504,89.443024,68.847517,108.554743,1
-0.633398,0.164551,0.232593,-24.558779,0.80687,-13.633588,1.133792,0.656153,0.490319,93.226795,93.623589,88.254755,1
-0.518579,0.356494,0.370459,38.248092,0.821374,-4.694656,1.162074,0.553899,0.723,110.711669,69.011021,118.865068,1
-0.947754,0.142798,0.033105,-57.541221,-8.781679,-11.845802,1.310159,0.519117,0.536573,85.418894,104.869576,77.445994,1
-0.729858,0.16167,0.100513,-3.516794,-26.868702,-6.075573,1.105229,0.523449,0.493212,107.390203,81.560617,88.94906,1
-0.413867,0.318042,0.100342,21.309924,24.91145,-7.687786,0.950177,0.619761,0.486878,57.70801,91.777348,73.845107,1
-0.647534,0.132178,0.209229,-29.2,-11.61145,-16.561832,1.019887,0.837282,0.437434,95.355506,149.411027,125.987727,1
-0.872681,0.172845,0.200751,26.070992,-23.491603,14.41374,1.271478,1.107274,0.801122,118.876692,111.661931,100.158791,1
-0.773975,-0.061963,0.040356,-12.592366,2.276336,2.048092,1.16862,0.539516,0.52402,68.019613,107.602066,69.197699,1
-0.56731,0.372974,0.188599,-16.39084,-10.573282,0.268702,1.024755,0.628361,0.413805,113.438652,114.746883,110.20406,1
-0.505615,0.284912,-0.027979,-19.158015,2.842748,-25.076336,1.013124,0.615376,0.527706,77.255456,103.164216,82.056417,1
-0.93042,0.217017,0.006348,-38.205344,8.154962,22.466412,1.29465,0.590088,0.748766,107.779731,164.231853,107.257314,1
-0.69834,-0.15498,0.018042,6.483969,-12.880153,-17.946565,1.078328,0.609583,0.470657,92.116327,123.717454,89.323758,1
-0.451245,0.417456,0.261035,15.215267,7.383969,8.832824,0.928935,0.748941,0.509953,90.498167,126.283179,58.42744,1
-0.684399,0.200073,0.202856,-28.835115,1.784733,-23.129008,1.151667,0.708515,0.603938,118.484067,100.051046,81.223396,1
-0.805493,-0.016528,0.043701,-8.292366,-13.945802,15.999237,1.155352,0.66714,0.822206,87.365655,127.901563,89.7097,1
-0.764282,0.086035,0.226318,-14.48626,6.054198,-2.085496,1.19112,0.396971,0.423044,93.776877,135.450036,97.595017,1
-0.714575,-0.091846,0.139844,-23.896947,-30.364122,-8.077863,1.072019,0.650823,0.495192,69.707483,101.893349,92.553478,1
-0.348535,0.478784,0.251263,1.465649,23.669466,-29.324427,0.901338,0.703501,0.822945,79.769841,72.917488,75.340713,1
-0.943652,0.036084,0.023682,-18.000763,3.008397,18.10916,1.331186,0.797445,0.658449,105.986375,143.250656,126.676521,1
-0.805591,-0.051025,0.112085,4.777099,-27.282443,-6.453435,1.156287,0.568922,0.375673,108.922314,123.328453,103.377452,1
-0.332104,0.244312,0.508929,31.103053,21.862595,-12.227481,0.995781,0.402697,0.915687,72.176955,69.515383,112.011941,1
-0.513037,0.130884,0.252588,-41.454962,11.380916,-3.456489,1.03603,0.600449,0.455617,93.80648,101.648742,92.043889,1
-0.968604,0.337134,0.289209,21.325191,7.357252,-11.054198,1.316856,0.945258,0.804097,119.434011,100.349412,85.109693,1
-0.503296,0.153882,-0.051514,-9.166412,0.882443,32.035878,0.952362,0.779407,0.686777,104.78766,129.43996,81.387473,1
-0.605322,0.228906,0.18147,-48.212214,9.506107,-15.61145,1.02721,0.967202,0.610327,127.461975,107.812074,127.591782,1
-0.721802,0.178833,0.228217,38.387023,15.777099,13.965649,1.266859,0.481205,0.776667,107.618263,96.082063,97.875338,1
-0.654468,0.280389,0.210327,-5.353435,7.182443,-17.894656,1.062101,0.771974,0.460506,76.939568,104.637059,75.190567,1
-0.617603,0.283911,0.088257,-26.392366,-12.772519,1.818321,1.053757,0.555451,0.395403,110.135065,100.141727,108.402677,1
-0.499512,0.251001,-0.056299,-7.032824,0.110687,-22.101527,1.021808,0.612845,0.398507,103.749273,116.176303,83.593171,1
-0.932837,0.141235,0.10979,-4.864885,-5.366412,13.819847,1.338775,0.640937,0.457985,96.946249,156.689057,137.126663,1
-0.711182,0.171362,0.013525,-25.843511,-22.098473,-17.423664,1.153005,0.604602,0.486623,121.664852,63.34397,85.872949,1
-0.253125,0.403442,0.254315,25.552672,45.464122,-16.374809,0.932394,0.630132,0.706062,59.851024,139.230407,105.594567,1
-0.57019,0.179639,0.150702,-2.130534,23.003817,-1.074809,1.159709,0.534058,0.788695,105.859402,107.872559,99.493357,1
-1.040088,0.491748,0.146143,2.831298,-11.58855,-2.341985,1.398982,0.869585,0.60595,81.789147,99.992243,94.547749,1
-0.726416,-0.110767,0.084668,-1.757252,15.251145,5.130534,1.085432,0.753021,0.424416,86.160106,118.950602,103.696947,1
-0.683545,0.284839,-0.053516,-39.021374,-0.129771,-2.664122,1.086658,0.743522,0.683765,96.781162,106.31179,114.402098,1
-0.474463,0.098926,-0.019263,-13.041221,6.373282,-7.503817,1.048401,0.610373,0.71881,65.013949,112.688782,94.019118,1
-0.896826,-0.005396,0.167017,-33.80458,3.384733,15.570229,1.311955,0.664973,0.488581,99.289023,136.932426,139.69327,1
-0.657031,0.104102,0.116187,-9.820611,-16.740458,-8.561832,1.056516,0.480264,0.516961,123.188708,69.253792,88.577613,1
-0.358618,0.284424,0.154053,14.660305,8.361069,-12.110687,0.785601,0.597949,0.315293,96.635234,109.631188,63.477226,1
-0.767139,0.170874,0.001392,-35.606107,-7.70916,11.421374,1.221141,0.66325,0.592665,125.092201,123.996886,125.532855,1
-0.868823,0.034521,-0.023389,10.719847,9.403817,-22.716031,1.266171,0.589046,0.33084,108.070666,100.978625,124.600037,1
-0.425854,0.415015,0.390894,27.480916,33.893893,10.154198,0.93731,0.796987,0.836628,84.909114,101.979399,86.043068,1
-0.576855,0.180396,0.162109,-14.70458,-3.577099,-23.873282,1.012137,0.603084,0.594823,101.0312,98.262426,95.509128,1
-0.762207,0.341351,0.012988,11.700763,-1.571756,-2.360305,1.211256,0.757547,0.361639,98.38881,98.668554,110.769571,1
-0.6875,-0.071509,0.038062,7.457252,-8.464122,8.376336,1.087243,0.777759,0.414379,75.986488,110.657975,101.844404,1
-0.589575,0.205121,0.249219,-26.445802,-7.796947,-3.490076,1.00798,0.940492,0.649177,92.504555,117.065402,122.197049,1
-0.518555,0.135278,0.348114,44.881679,-0.587786,-10.356489,1.111522,0.332545,0.706598,71.568802,96.407293,114.596951,1
-0.832666,0.204956,0.013306,-31.447328,-1.123664,-9.480153,1.213558,0.599373,0.449713,87.281968,130.897142,79.114246,1
-0.653857,0.173511,0.156567,-22.925954,-13.442748,-0.774046,1.026197,0.660652,0.386674,116.048934,101.631156,111.227395,1
-0.361914,0.289673,0.187964,29.20458,35.893893,-28.950382,0.995944,0.605266,0.523581,53.245264,67.382981,91.489403,1
-0.827051,0.009497,0.334393,-7.575573,-9.435115,23.310687,1.243126,0.503531,0.745274,79.621933,150.917231,113.024937,1
-0.89668,0.079663,-0.039233,6.587023,13.683969,-29.358015,1.245373,0.632256,0.439775,105.868561,113.413765,131.217735,1
-0.527246,0.167017,0.332245,19.996947,-5.353435,20.621374,1.002355,0.560497,0.807414,68.401205,111.787693,103.314731,1
-0.630811,0.105103,0.046289,-34.763359,-0.330534,-15.621374,1.04209,0.554479,0.505557,84.522896,138.011227,110.251849,1
-0.64751,0.456299,0.326978,57.361832,40.782443,9.830534,1.273047,0.749775,0.823519,90.138877,112.750561,121.838924,1
-0.764722,0.176172,0.107837,-28.044275,-17.930534,-18.712977,1.076445,0.512815,0.373479,102.455051,113.565109,85.092827,1
-0.680835,0.22085,0.143042,-11.725191,-23.421374,-4.41145,1.140134,0.470869,0.56293,115.566618,85.480584,97.676293,1
-0.224976,0.323383,0.234009,17.754962,12.570229,-26.219847,0.904166,0.755969,0.509057,88.62167,112.624201,81.841593,1
-0.784985,0.433002,0.342822,-9.528244,1.31145,9.038931,1.207154,0.895149,0.795433,99.604662,121.392759,100.90473,1
-0.777466,-0.059595,-0.066113,-7.438168,8.451145,-12.770229,1.202869,0.515804,0.402916,92.682426,99.281874,97.908734,1
-0.441846,0.385229,0.178613,-3.816031,-5.766412,-0.331298,0.842185,0.565314,0.37194,81.560375,113.035091,61.169407,1
-0.512769,0.153125,0.311133,-31.872519,25.056489,-10.252672,0.979814,0.93051,0.637695,93.945341,124.21345,108.284123,1
-1.002783,0.002808,0.227997,18.927481,-10.829008,3.315267,1.414059,0.832875,0.677024,98.89367,112.695542,146.477198,1
-0.573218,0.213013,0.235638,26.446565,3.861832,10.298473,0.945442,0.737737,0.783045,104.606073,119.49957,96.885187,1
-0.623901,0.211621,-0.012158,-31.747328,6.218321,-11.424427,1.069161,0.507457,0.388707,97.850812,113.340655,108.092447,1
-0.433862,0.450043,0.211523,51.159542,19.683206,1.003053,1.079103,0.796948,0.536528,114.630062,82.969171,114.279296,1
-0.90752,0.009277,-0.029248,-17.745802,-17.777099,-14.269466,1.269823,0.744073,0.376532,87.476672,120.150554,114.803448,1
-0.712549,0.149261,0.174976,-50.245038,-19.125954,-0.572519,1.091031,0.793682,0.447214,110.209185,118.685771,126.797644,1
-0.345166,-0.005786,0.012891,15.449618,10.091603,-11.367939,1.068891,0.646829,0.517897,62.005938,101.721414,107.369423,1
-0.761108,0.298016,0.11684,-25.425954,10.350382,13.454962,1.276468,0.813586,0.793524,107.117835,99.490481,117.581974,1
-0.803955,0.061743,-0.016333,26.31145,1.468702,-22.226718,1.221346,0.580691,0.712999,129.087826,52.339754,110.312099,1
-0.327026,0.411377,0.185376,12.21374,-4.596947,-2.235115,0.836777,0.791321,0.475067,91.060059,110.019034,68.621937,1
-0.567358,0.222559,0.087158,-38.564122,12.993893,-7.783969,1.013477,0.568576,0.542323,123.182012,120.279841,110.693861,1
-1.033447,0.081738,-0.262939,-9.138931,-10.936641,13.540458,1.426969,0.74689,0.684065,101.931438,123.049166,134.860147,1
-0.511694,0.314105,0.257196,9.374046,32.316794,0.898473,0.990731,0.804683,0.729348,84.682755,78.465871,91.239351,1
-0.530713,0.412817,0.046289,-20.435878,-11.29313,-14.230534,1.030008,0.71564,0.504257,100.288422,71.090198,88.418669,1
-0.706494,0.255957,-0.099683,25.029771,3.810687,3.074046,1.187495,0.830205,0.589309,117.207448,107.805073,119.948255,1
-0.871655,0.18186,-0.043555,-38.998473,-23.924427,-17.715267,1.265918,0.783562,0.613969,118.118189,130.141123,99.847434,1
-0.714258,0.011255,0.016748,-31.60458,-11.107634,7.491603,1.040771,0.691254,0.484769,98.409777,106.955899,101.439202,1
-0.327344,0.366156,0.193506,24.680153,37.09313,-41.475573,1.096858,0.821809,0.663141,92.100249,68.49985,122.777075,1
-0.822803,0.021045,0.291083,-13.089313,-5.457252,29.571756,1.228049,0.591743,0.786671,105.079723,143.996467,115.960065,1
-0.870166,-0.130176,-0.069189,6.239695,1.49084,-24.063359,1.237011,0.56189,0.291283,99.872759,110.701264,117.144521,1
-0.590186,0.117676,0.127661,45.461069,0.99771,19.716794,1.003385,0.492105,0.449388,102.27354,117.025566,100.226496,1
-0.558594,0.154614,0.095728,-53.29313,7.641985,-16.309924,1.035712,0.515406,0.548444,88.343223,114.400168,103.299142,1
-0.670776,0.445746,0.161182,35.189313,-3.570992,-7.432824,1.240202,0.785242,0.738336,108.098465,77.143282,99.732485,1
-0.760132,0.047705,-0.065723,-25.970229,-1.552672,-8.948855,1.108924,0.724064,0.586483,98.176138,118.26029,81.141123,1
-0.626465,0.270313,0.155444,-27.261069,-13.320611,-0.953435,1.015373,0.63063,0.340742,86.981354,115.343894,103.302535,1
-0.522949,0.266553,0.18064,8.538931,-4.124427,-13.909924,1.051272,0.740262,0.441209,66.922222,110.425729,106.820674,1
-0.922681,0.016895,0.016846,-32.49313,7.387023,16.246565,1.328345,0.6171,0.438091,75.140958,159.838769,138.713232,1
-0.713281,-0.118237,0.02937,-4.385496,-13.236641,-2.605344,1.104901,0.483175,0.461083,120.423265,102.285969,112.099839,1
-0.269287,0.446021,0.366718,33.994656,22.035115,-22.083206,0.972953,0.805425,0.829822,77.211896,52.75904,69.065475,1
-0.560132,0.216284,0.122827,-27.485496,20.873282,-3.765649,1.124716,0.721856,0.822296,113.416056,125.837924,95.878918,1
-0.904785,0.298114,0.147729,11.759542,2.463359,-19.212977,1.305317,0.825278,0.878689,109.558756,46.650725,105.117308,1
-0.606128,0.069336,-0.093945,-7.19771,-6.347328,19.349618,1.014892,0.642862,0.737443,78.539084,105.036154,96.395855,1
-0.574365,0.219897,0.26499,-41.048092,-3.641221,-3.751908,1.0019,0.763247,0.509338,110.497649,128.072994,110.295302,1
-0.66394,0.218872,0.27785,48.135878,40.01374,5.545802,1.180359,0.485077,0.742366,73.922404,111.817068,115.886242,1
-0.844116,-0.078833,-0.049438,-28.750382,-17.174809,-4.393893,1.185097,0.873878,0.698113,114.668842,116.994215,104.773252,1
-0.560449,0.33125,0.19668,-30.856489,-9.730534,7.996947,1.005644,0.753616,0.451495,131.05626,117.95971,108.411617,1
-0.556055,0.283276,0.474628,40.569466,12.769466,-5.528244,1.105959,0.480163,0.89575,85.301457,93.702266,117.383025,1
-0.969409,-0.129028,-0.109326,-43.138168,-6.742748,-12.329008,1.313239,0.818704,0.776479,104.717415,117.831724,93.613362,1
-0.535474,0.178241,0.181738,-7.812977,-30.934351,7.131298,0.991838,0.783671,0.575794,107.492595,122.526555,117.379968,1
-0.401611,0.133105,0.198169,24.906107,26.99313,-24.674809,0.997095,0.398701,0.64041,63.417115,119.663573,105.800016,1
-0.784644,0.358447,0.038715,-25.40458,7.139695,18.055725,1.281607,0.739101,0.809698,77.195783,143.825828,129.912296,1
-0.748486,0.138013,-0.081567,12.537405,-12.223664,-22.525954,1.210547,0.563014,0.376217,93.552581,98.611257,86.190792,1
-0.351147,0.370703,0.064648,16.169466,16.960305,-5.799237,0.998319,0.805201,0.665451,71.75116,113.727995,57.844464,1
-0.504028,0.151343,0.160425,-17.825191,5.042748,-18.742748,1.000497,0.535658,0.799806,110.157832,72.967374,113.883251,1
-0.961865,0.08396,0.278973,32.545802,-23.864122,2.378626,1.335888,0.451204,0.817824,116.697527,127.82525,121.521949,1
-0.631177,0.112671,-0.022559,-0.609924,3.801527,-5.410687,1.064789,0.896086,0.730832,94.570655,115.648034,105.200309,1
-0.502051,0.244751,0.06416,-41.994656,-3.129771,-9.042748,1.024783,0.674856,0.483483,93.373808,108.647754,129.074365,1
-0.729004,0.423383,0.072461,16.357252,1.680153,0.258015,1.214419,0.896243,0.788234,124.42967,120.83471,107.732797,1
-0.607202,0.220361,0.394086,-12.29542,7.255725,16.105344,0.995699,0.629168,0.786459,109.977597,89.303861,98.501876,1
-0.524243,0.301929,0.101978,-14.501527,-0.49084,-2.958779,1.019142,0.649922,0.385083,97.066461,111.322125,121.13787,1
-0.547241,-0.021362,0.155902,32.165649,10.276336,-9.512977,1.044107,0.43525,0.737553,71.511353,66.0524,112.827884,1
-0.729419,0.339227,0.283667,-40.854962,31.165649,-8.146565,1.236684,0.828558,0.801466,101.539691,111.365051,109.791487,1
-0.599438,0.101416,0.147656,-17.526718,-21.370229,-3.392366,1.029194,0.513758,0.653868,123.097983,123.743625,109.998563,1
-0.414624,0.181885,0.17522,36.522901,9.466412,-21.664885,1.031228,0.60153,0.505883,70.965053,94.177263,109.45354,1
-0.77417,0.131323,0.33291,-27.777863,15.844275,30.941221,1.214826,0.619499,0.855819,96.31508,122.373712,137.20923,1
-0.796216,0.089087,-0.07063,9.540458,1.029008,-30.422901,1.24742,0.577681,0.401788,119.00341,81.561578,84.865134,1
-0.58457,0.297113,-0.004785,13.2,-8.181679,1.7,1.043745,0.805761,0.722386,87.723242,110.538685,89.247753,1
-0.571094,0.224097,0.139673,-27.10229,4.845038,-19.91145,1.070091,0.68271,0.631045,103.625936,79.249844,116.895575,1
-1.027002,0.063135,-0.151733,22.5,-9.114504,19.317557,1.369561,0.864944,0.447372,117.001309,134.684104,122.590569,1
-0.665576,-0.03042,0.216797,-9.789313,0.169466,3.014504,1.068816,0.790663,0.452166,94.974754,113.252989,102.695576,1
-0.527686,0.103003,0.06106,-25.048855,-7.414504,-5.362595,1.046052,0.66789,0.618952,90.433261,121.970073,113.268221,1
-0.795215,-0.011719,-0.156714,5.616794,12.801527,13.735878,1.234122,0.585488,0.534254,58.486483,122.167617,118.491144,1
-0.778198,0.18894,0.05686,-12.5,-16.474046,-23.652672,1.088896,0.563868,0.53549,109.961893,115.15066,73.457612,1
-0.520752,0.326855,0.101636,-39.534351,-13.845038,-8.336641,1.03249,0.641317,0.397756,111.407444,112.828262,115.624165,1
-0.563013,0.311328,0.304706,62.00229,1.273282,-9.817557,1.042982,0.652701,0.772706,123.604681,105.855031,120.097167,1
-0.965723,0.034668,-0.101001,-33.146565,-21.275573,-10.255725,1.376576,0.799583,0.792382,124.115254,114.589797,95.315077,1
-0.550952,0.147437,0.190698,-35.301527,-15.375573,-1.007634,1.006073,0.624148,0.626604,131.500991,111.369833,121.210326,1
-0.247266,0.413623,-0.125708,9.212977,11.734351,-11.846565,0.764601,0.80678,0.546671,88.782457,99.602547,70.112696,1
-0.80647,0.160669,0.100098,-40.689313,-5.023664,21.496183,1.206129,0.592082,0.954912,117.893484,134.713843,122.247428,1
-0.846387,0.109253,0.041113,33.41374,11.005344,-34.214504,1.247273,0.529962,0.565538,121.416097,57.289888,114.740915,1
-0.533569,0.190161,0.190625,26.007634,-12.478626,18.003817,0.95851,0.587999,0.574227,87.776747,117.786992,99.597388,1
-0.617603,0.270483,0.206592,-31.468702,3.434351,-18.564122,1.051559,0.744764,0.48094,90.070323,95.544445,80.604671,1
-0.499048,0.446136,0.359473,39.612977,18.71374,0.852672,1.320045,0.812234,0.847725,92.227373,81.063912,94.163893,1
-0.659521,0.277924,0.234906,-31.706107,17.641221,-15.716031,1.078748,0.797649,0.721561,98.181036,95.676993,80.076181,1
-0.647534,0.269141,0.149292,-23.223664,-13.734351,0.315267,1.06393,0.598754,0.49747,115.016609,61.835412,85.777421,1
-0.282495,0.328857,0.15061,0.083206,3.001527,-23.443511,0.803825,0.594155,0.429017,68.609928,99.623538,66.148606,1
-0.951758,0.206274,-0.123291,-28.543511,-12.781679,18.683206,1.356921,0.902916,0.836712,121.304029,109.850278,120.847027,1
-0.714185,-0.143115,-0.012842,-11.096183,-20.258779,-9.403053,1.114602,0.80381,0.271947,118.481054,121.398491,106.962054,1
-0.412476,0.446112,0.29975,34.009924,36.187786,-7.025954,0.977877,0.782694,0.838724,85.151522,61.850689,69.523241,1
-0.62229,0.114795,0.048779,-15.665649,28.412977,-8.608397,1.114712,0.548164,0.462553,78.243953,129.421229,111.658005,1
-0.937891,0.300409,0.205975,25.103053,1.232061,5.952672,1.306375,0.78573,0.719211,113.164298,102.747115,129.19516,1
-0.55332,0.216846,0.371552,10.358015,21.417557,5.735115,1.024005,0.736566,0.821181,69.617755,75.409946,110.328369,1
-0.55354,0.296899,0.08728,-51.451908,-1.823664,4.829771,1.026939,0.569027,0.404378,88.958101,110.020838,111.556227,1
-0.475928,0.534216,0.307245,40.872519,20.929771,-16.065649,1.017693,0.924943,0.764852,106.627377,60.614328,91.639576,1
-0.947095,0.054077,-0.097827,-38.687786,-9.933588,-7.656489,1.282102,0.78843,0.795401,96.456513,113.621849,103.271093,1
-0.666406,0.123413,0.08667,-17.744275,-13.892366,6.060305,1.034407,0.66002,0.404374,128.454059,118.476592,106.083035,1
-0.476855,0.164819,-0.103516,2.868702,13.261069,-13.974046,1.037384,0.750908,0.630319,68.037305,106.122259,101.391245,1
-0.710937,0.248657,0.425507,-19.103053,10.917557,20.362595,1.168089,0.728585,0.803888,117.509283,137.081729,136.578408,1
-0.852344,0.02002,-0.026318,16.935115,6.966412,-16.742748,1.18992,0.650972,0.209746,96.456036,105.770462,118.079981,1
-0.474609,0.383344,0.291156,43.622137,43.232061,17.400763,0.946242,0.79957,0.761913,98.717348,105.378419,101.246497,1
-0.615552,0.128003,0.009155,-69.071756,1.215267,-6.054962,1.082642,0.367949,0.530031,100.001465,113.260143,119.321947,1
-0.711328,0.382764,0.180688,39.290076,40.292366,9.361832,1.264424,0.669055,0.526618,108.711246,95.378782,126.176932,1
-0.799658,0.31936,0.294531,-7.951908,3.616794,-17.351145,1.219367,0.742619,0.676453,106.567255,101.353514,100.441179,1
-0.651074,0.145825,0.124292,-38.71145,-13.108397,-0.549618,1.075991,0.512705,0.447909,110.34962,105.969912,121.300493,1
-0.459814,0.109326,-0.093921,10.361069,11.883969,-9.847328,1.008216,0.73371,0.443067,111.375029,108.98632,106.606886,1
-0.797827,0.070557,-0.119434,-53.212977,-4.896947,29.863359,1.162124,0.63159,0.92103,121.154287,152.787557,110.845974,1
-0.931885,0.296704,0.046802,19.523664,-0.706107,-28.929008,1.328887,0.660052,0.44979,112.12175,53.227489,105.043038,1
-0.553564,0.225562,0.081421,10.520611,-2.125954,5.087023,0.895408,0.68604,0.363011,119.592419,114.487485,53.430635,1
-0.685034,0.33313,-0.000293,-47.783969,-1.089313,-7.646565,1.079879,0.631011,0.338984,116.771105,76.055866,68.950587,1
-0.453467,0.490527,0.281323,4.145802,3.696183,-10.619084,0.99414,0.897586,0.582352,83.491234,82.854614,72.143051,1
-0.98269,0.099634,-0.033228,-24.491603,9.761832,29.536641,1.338659,0.603542,0.490907,99.421621,143.375834,124.531972,1
-0.793555,0.153149,-0.011597,-6.647328,-14.616031,-25.914504,1.197732,0.522929,0.364401,113.781047,76.351453,105.895198,1
-0.393384,0.246655,0.083496,-5.641221,9.720611,5.027481,0.867261,0.478818,0.481178,92.374146,116.850402,63.725234,1
-0.589673,0.295215,0.250049,-24.09084,18.11145,-13.400763,0.996269,0.780194,0.459246,113.870073,131.617875,111.895143,1
-0.929004,0.251392,-0.138281,34.764122,-35.456489,4.50916,1.379663,0.674024,0.825353,99.618475,87.85464,127.692213,1
-0.752368,0.084204,-0.100415,-26.679389,-0.010687,2.745802,1.087235,0.579604,0.63637,111.906985,119.850546,71.864258,1
-0.606641,0.144116,0.202856,-31.835878,-7.371756,2.261069,1.010982,0.774076,0.276002,93.620095,110.722108,111.892324,1
-0.502393,0.155225,-0.088354,-5.359542,10.979389,-15.358015,1.011774,0.530331,0.687215,71.107691,109.367055,87.651086,1
-0.92041,0.164844,0.025488,-28.648855,-5.348092,25.158015,1.275566,0.683348,0.508564,117.283091,138.803591,106.729283,1
-0.739233,0.217285,0.035767,7.078626,-4.683206,-17.026718,1.125961,0.539854,0.19694,121.979502,78.431494,107.724299,1
-0.553687,0.127905,-0.005933,14.583206,5.681679,3.803053,1.040418,0.676242,0.524252,80.383834,116.593123,94.314277,1
-0.625073,0.322949,0.211499,-40.244275,14.422901,-5.626718,1.083456,0.75098,0.507713,101.747283,122.294514,106.280253,1
-0.998779,-0.055078,0.091455,14.036641,-11.707634,8.253435,1.375749,0.604365,0.410344,64.455331,135.298629,138.838541,1
-0.61665,0.077466,0.355634,29.862595,20.119847,3.080916,1.03265,0.565222,0.78155,82.990724,118.520844,100.74951,1
-0.595459,0.062012,0.059131,-41.29084,-5.054962,8.970992,1.009664,0.785092,0.414984,100.754778,120.633635,114.336242,1
-0.485376,0.220142,0.272308,20.336641,4.333588,-14.807634,0.992728,0.387397,0.731511,56.270236,111.476374,98.103475,1
-0.897681,-0.072729,0.344965,-13.631298,5.919847,12.152672,1.298909,0.620301,0.800439,65.61357,148.726764,136.051782,1
-0.507355,0.169305,0.349115,-28.835878,-15.038168,4.721374,1.222675,0.841426,0.697488,98.658554,81.728554,61.352199,1
-0.531299,0.328369,0.357788,41.1,46.09313,-5.138931,1.104697,0.671875,0.75619,64.460406,91.995375,104.135743,1
-0.599683,0.397656,0.196729,-24.732061,22.134351,-12.067939,1.061517,0.718263,0.467805,114.597339,142.55913,106.812938,1
-1.058398,0.175464,0.13479,28.712214,-18.271756,9.575573,1.380951,0.478786,0.399913,81.241379,134.617284,120.812271,1
-0.751001,0.097827,-0.099609,-7.71374,8.594656,3.854198,1.11187,0.538452,0.750322,90.842489,112.484872,81.728899,1
-0.620337,0.273779,0.299384,-23.424427,-30.149618,-3.264885,1.250421,0.604023,0.799531,122.00731,85.282443,89.027086,1
-0.545996,0.056641,-0.066333,16.090076,8.017557,-24.758779,1.054355,0.650792,0.605136,88.853189,98.240888,85.453213,1
-0.80918,0.411542,0.273022,1.078626,19.831298,20.874046,1.278855,0.965524,0.846727,117.466551,108.351174,111.951613,1
-0.784058,0.104224,0.014551,3.98855,-13.103817,-20.320611,1.177558,0.667466,0.409652,102.701864,49.73694,95.710596,1
-0.418481,0.440259,0.259644,19.670229,10.894656,-2.80229,0.900595,0.745379,0.624664,86.041725,101.130114,52.943374,1
-0.629004,0.116479,0.011108,-16.969466,-0.238168,-8.867939,1.031049,0.570396,0.657843,81.130166,95.126174,95.388432,1
-0.73269,0.243213,-0.059814,27.973282,-18.11374,-16.351908,1.186246,0.624221,0.622578,99.260811,104.091387,110.530815,1
-0.834741,0.212769,0.474554,-48.69771,22.251908,4.448855,1.304645,0.607734,0.856079,123.661288,143.460333,116.411288,1
-0.888916,-0.032373,-0.225,3.056489,-17.312977,-15.345038,1.2137,0.433554,0.433246,77.350939,129.644306,117.600345,1
-0.596924,0.105762,0.154462,39.143511,-2.862595,0.50916,1.056455,0.39042,0.703364,83.241798,86.368065,89.713469,1
-0.837964,0.246924,0.072217,-39.029008,-13.260305,4.558779,1.136744,0.553676,0.583134,100.035666,60.802818,76.84884,1
-0.498804,0.03728,-0.047412,38.121374,11.753435,-11.632824,1.131218,0.19896,0.189115,48.542606,107.235734,95.964214,1
-0.928784,-0.008691,0.237988,-6.952672,0.80458,2.539695,0.928792,0.014814,0.238039,7.425488,1.163385,2.69065,1
-0.930005,0.00293,0.241113,-7.638931,-0.243511,4.080153,0.930011,0.007035,0.241211,7.801838,0.534193,4.161236,1
-0.937427,0.013208,0.243018,-1.929008,5.917557,0.762595,0.937477,0.016215,0.243441,4.453334,7.264462,2.378554,1
-0.942627,0.015796,0.133252,12.150382,8.29771,0.196947,0.942758,0.048924,0.1406,16.102266,8.811495,1.770489,1
-0.886377,0.081006,0.088428,61.948092,-23.10229,10.912214,0.887944,0.097431,0.17897,67.948788,24.510451,12.310233,1
-0.989258,-0.027051,0.174048,54.522137,-21.296947,-7.803817,1.108707,0.1937,0.214505,77.9943,44.462878,25.471935,1
-0.983569,0.197754,0.1604,10.518321,40.99313,-5.107634,1.219551,0.473168,0.410108,47.034235,52.124384,41.208114,1
-0.955298,0.119189,0.206372,-35.915267,-13.948855,-11.277863,1.236205,0.482909,0.357502,61.494146,66.332182,37.281987,1
-1.039355,0.068677,0.01499,15.529771,9.454962,7.679389,1.283632,0.581558,0.566738,64.352979,67.546017,52.892978,1
-0.916187,0.115576,0.245898,-19.756489,11.900763,21.366412,1.239956,0.390078,0.332723,51.748641,64.341582,59.076008,1
-0.307922,0.199646,0.009363,24.789313,-6.18626,-3.406107,0.592395,0.415503,0.434172,67.705805,65.923981,58.507285,1
-0.560376,0.122095,0.222778,4.699237,22.841985,-5.330534,1.121718,0.375131,0.459385,46.863573,43.187511,74.536406,1
-0.160883,0.14256,-0.002167,7.08626,24.435878,3.859542,0.530265,0.272727,0.466015,82.910225,61.414137,50.288748,1
-0.807104,0.223071,0.009399,41.854962,30.853435,18.383969,1.171936,0.57323,0.472595,55.885046,46.444547,77.677685,1
-0.814191,0.127972,0.275482,-32.931298,-7.279389,-2.291603,1.248736,0.309327,0.457943,53.383704,69.065029,43.541659,1
-0.362781,0.170691,0.010168,29.28626,4.420611,6.931298,0.706644,0.314322,0.348735,43.063313,72.0296,68.833153,1
-0.692212,0.081299,0.177344,-15.156489,30.514504,22.69313,1.168746,0.317137,0.327801,57.184638,50.859811,57.308183,1
-0.852563,0.166772,0.245703,-12.354962,-26.768702,-13.163359,1.171547,0.782126,0.694668,55.640553,95.201344,57.116713,1
-0.69585,0.281201,0.315967,12.076336,35.045038,-6.003817,1.19879,0.55479,0.591133,51.631323,60.305959,61.545059,1
-0.474133,0.115686,0.148499,1.740458,-8.038931,5.263359,0.866296,0.60997,0.510444,67.116045,70.123535,33.543866,1
-0.491809,0.019031,0.105627,24.338931,44.232061,18.634351,1.066861,0.424531,0.490239,42.588599,75.604499,73.834411,1
-0.868066,0.178271,0.359033,-4.5,10.230534,17.912977,1.202063,0.403013,0.509552,50.216182,86.6614,65.182977,1
-0.177771,0.257288,0.087341,18.334351,-18.336641,-7.407634,0.515547,0.395594,0.553044,88.31063,64.816497,48.91257,1
-0.584155,0.219141,0.303369,3.655725,33.319084,-5.429008,1.08707,0.488337,0.471641,58.188456,62.369553,64.073617,1
-0.258051,0.231744,0.291162,-22.640458,13.840458,15.780916,0.812949,0.425544,0.693357,43.078948,64.65111,78.484068,1
-0.720654,0.30144,0.12478,56.278626,33.977863,16.107634,1.147077,0.595309,0.514719,75.643405,69.652386,78.019688,1
-0.44494,0.150983,0.312653,-34.590076,12.161069,3.599237,0.982759,0.31207,0.49685,61.244527,54.71153,54.91884,1
-0.449011,0.127008,0.102179,19.721374,23.334351,7.834351,0.797334,0.82916,0.74413,40.33287,59.132256,66.487969,1
-0.787329,0.163916,0.313135,-19.217557,21.083206,27.98626,1.170642,0.469115,0.429593,55.157141,70.387905,73.343084,1
-0.751245,0.081836,0.179321,0.106107,-30.51145,0.022901,1.219071,0.56431,0.492999,51.842026,111.243617,69.149823,1
-0.57019,0.198828,0.283032,3.631298,28.789313,0.638931,1.077614,0.408644,0.499409,57.81255,49.061376,75.315017,1
-0.72251,0.080859,-0.038818,-18.432824,-5.712214,-1.161832,1.135873,0.599872,0.540906,76.475855,96.442224,69.878166,1
-0.774438,0.190356,0.089111,25.555725,21.976336,11.49542,1.268537,0.450471,0.738167,97.850293,74.034977,74.31256,1
-0.955786,0.158252,0.327197,-28.234351,-22.60687,0.100763,1.340591,0.4563,0.524419,47.736311,84.59553,56.674578,1
-0.791431,0.159229,-0.059521,13.520611,-6.045802,8.006107,1.268803,0.400144,0.442278,100.120953,103.376944,77.827601,1
-0.685107,0.267334,0.411401,7.403053,40.414504,23.934351,1.173189,0.667657,0.64405,49.593836,60.982366,65.501381,1
-0.098035,0.272717,-0.009827,21.794656,5.201527,-4.287786,0.630603,0.415696,0.694535,94.410039,74.026737,63.074914,1
-0.648706,0.102954,0.158228,9.310687,26.473282,-6.448855,1.125777,0.325289,0.376981,61.928851,62.521962,74.908617,1
-0.894385,0.105762,0.095972,-36.645802,-16.791603,5.80229,1.25345,0.397495,0.802547,105.006619,88.785543,59.444753,1
-0.765796,0.052002,-0.026733,42.992366,12.022901,5.758015,1.198059,0.443334,0.835861,97.548763,61.491117,69.481666,1
-0.932129,0.125659,0.394971,-5.69771,11.30687,5.19084,1.326807,0.402217,0.516866,90.678011,90.459494,62.545505,1
-0.583643,0.137012,0.101611,-3.320611,-30.184733,-11.014504,0.953538,0.488267,0.724845,94.84662,73.938309,58.849278,1
-0.572095,0.117847,0.244287,8.098473,28.38626,4.520611,1.141105,0.236894,0.376568,74.90019,57.281184,64.119582,1
-0.488306,0.273608,0.180127,-14.680916,-14.067176,-12.99313,0.893594,0.730989,0.774711,102.302939,81.62947,49.966942,1
-0.487988,0.285229,0.031714,46.919847,23.509924,11.50458,1.13283,0.461362,0.767527,103.463065,65.804738,66.790028,1
-0.920728,0.212329,0.357056,-61.530534,-18.89084,-1.534351,1.281942,0.425978,0.466538,88.946761,84.420555,46.769366,1
-0.879736,0.064331,-0.099683,21.979389,-6.079389,10.803053,1.285647,0.46413,0.591594,94.385599,102.879937,73.152179,1
-0.673706,0.225244,0.343652,-6.215267,38.525954,19.5,1.164958,0.719582,0.602774,81.638408,65.289103,68.400503,1
-0.492676,0.216797,-0.054639,-9.051145,-22.753435,-6.794656,1.026121,0.653347,0.709438,98.721708,91.097579,66.314949,1
-0.629297,0.184033,0.227905,13.348092,28.777099,-8.726718,1.127868,0.395948,0.498786,71.760668,66.022167,66.316389,1
-0.933228,-0.017554,0.263794,-52.309924,-22.80916,18.738931,1.341867,0.590743,0.549657,91.625483,90.482412,75.049596,1
-0.857471,0.129633,0.170746,11.558779,-2.815267,21.470229,1.234006,0.902594,0.724367,69.171941,82.044404,85.463284,1
-0.849683,0.131909,0.340112,-26.244275,8.466412,13.70687,1.205679,0.341056,0.529247,74.10746,86.38954,59.275441,1
-0.534155,0.244891,0.212469,-8.047328,-38.593893,-6.752672,0.929931,0.903494,0.913231,84.904163,80.669905,51.418699,1
-0.597803,0.146338,0.236353,7.060305,34.68855,-1.317557,1.119524,0.319482,0.410092,62.479924,54.837716,73.558146,1
-0.525781,0.153583,0.195355,-27.100763,-12.332061,-13.507634,0.941457,0.82001,0.811193,99.990208,86.53226,49.482073,1
-0.807227,0.240601,0.205908,49.823664,45.829008,18.962595,1.243458,0.521759,0.54442,73.272024,69.487233,82.997795,1
-0.968945,0.152783,0.396704,-59.336641,-33.140458,-6.180153,1.344639,0.47001,0.631838,85.23351,99.360553,50.935361,1
-0.842163,-0.007007,-0.077051,22.808397,-0.019847,10.992366,1.280766,0.472983,0.410865,79.427366,96.477498,89.710313,1
-0.753101,0.143799,0.257788,-14.18855,25.134351,14.503053,1.205324,0.419417,0.441223,82.966967,60.591947,57.754151,1
-0.726123,0.262469,0.252582,-31.676336,-40.074046,1.757252,1.113512,0.958172,0.735733,73.434535,77.264075,61.67066,1
-0.641602,0.234351,0.451733,26.931298,38.154962,-8.49084,1.1365,0.531267,0.648505,70.531147,64.467757,77.384153,1
-0.768579,0.120093,0.167041,-44.707634,-26.564885,6.140458,1.137182,0.484984,0.631285,113.528789,87.632415,51.242126,1
-0.94519,0.132227,0.129974,9.18626,9.416031,21.405344,1.344675,0.878344,0.7462,54.724744,68.553385,82.615457,1
-0.758374,0.168188,0.264526,-24.680916,9.178626,11.09313,1.148504,0.492002,0.473993,63.797424,86.646943,61.661296,1
-0.551489,0.191553,-0.037427,-3.472519,-29.498473,-4.909924,1.025298,0.451715,0.627255,103.724289,99.303958,74.524372,1
-0.504053,0.160254,0.277588,-9.383206,36.207634,14.036641,1.036209,0.477678,0.508661,59.634748,50.802095,60.276024,1
-0.608179,0.273315,0.181714,-8.543511,-18.516794,-9.906107,0.925846,0.710927,0.796687,99.237476,81.023919,45.272831,1
-0.681421,0.171558,0.233618,13.145802,39.747328,-3.855725,1.148616,0.532082,0.485245,49.712645,59.751892,78.936904,1
-0.817944,0.158765,0.350073,-38.562595,-14.868702,6.794656,1.212942,0.868124,0.63142,58.45556,91.155115,65.286817,1
-0.910181,0.185101,0.287128,24.883969,16.348092,19.674046,1.316832,0.829547,0.823077,74.05444,52.409439,71.132968,1
-0.869629,0.199243,0.374243,-36.503053,-14.098473,-9.679389,1.241652,0.513411,0.548175,59.008856,87.015468,44.424315,1
-0.849731,0.227826,0.057538,13.303053,-6.709924,8.798473,1.177906,0.816142,0.704423,71.998774,70.778445,61.240627,1
-0.872607,0.172998,0.278418,-41.616031,23.59771,19.580153,1.247692,0.3827,0.494051,78.222098,78.689943,59.077116,1
-0.791211,0.063574,0.093628,-14.221374,-22.106107,-0.289313,1.101961,0.437132,0.436026,74.481927,98.196347,65.116104,1
-0.601831,0.111914,0.160205,-5.70687,22.515267,-2.749618,1.181065,0.255837,0.269379,65.781878,53.116861,66.152766,1
-0.676733,0.202734,0.19624,-26.870229,-6.763359,-2.534351,0.941557,0.721361,0.601885,99.21222,83.903201,41.906455,1
-0.701538,0.295825,0.194971,49.016794,30.152672,5.606107,1.074547,0.601031,0.524213,109.343426,44.486401,56.752023,1
-0.92876,0.224072,0.327124,-56.992366,-21.844275,-8.080153,1.260053,0.355622,0.553646,93.239935,90.178694,41.151793,1
-0.745483,0.267285,-0.029083,18.144275,-10.747328,1.678626,1.102186,0.711679,0.853802,71.701773,73.212876,65.789676,1
-0.88291,0.195044,0.357568,-12.365649,20.067939,18.591603,1.224065,0.488853,0.528833,59.895221,70.300118,64.009662,1
-0.834399,0.087769,0.032886,1.134351,-22.017557,-7.01145,1.205043,0.384141,0.438176,86.584922,90.577936,66.134812,1
-0.588062,0.204858,0.215723,8.471756,20.096183,-2.438931,1.140046,0.3229,0.408816,69.133787,59.974458,69.245121,1
-0.658618,0.239569,0.241205,-27.535878,-8.582443,-7.026718,0.983577,0.76596,0.760352,81.320934,87.328348,44.482839,1
-0.895874,0.297852,0.395184,0.787023,13.342748,18.985496,1.288972,0.620275,0.77394,76.705675,55.297126,86.726005,1
-0.769922,0.060132,0.235889,-39.905344,-25.708397,-7.430534,1.161981,0.581038,0.423447,85.095902,86.535024,44.765521,1
-0.711108,0.192993,-0.088989,25.737405,3.887023,11.19313,1.177208,0.40475,0.372746,94.179459,54.124465,72.524557,1
-0.783887,0.20437,0.400043,-11.038931,6.721374,19.542748,1.102944,0.379338,0.69867,81.421986,87.633128,63.791151,1
-0.730225,0.160742,0.3414,-28.967176,-37.371756,-2.985496,1.095098,0.592782,0.782492,63.623144,76.997842,79.591884,1
-0.611523,0.182275,0.156445,9.354962,25.851145,-6.987023,1.164538,0.351065,0.253877,74.570065,54.426059,65.000382,1
-0.496899,0.211841,-0.005884,-6.947328,-18.617557,-7.40229,0.921914,0.398215,0.635808,86.521183,83.48611,58.317991,1
-0.865649,0.43432,0.471014,8.696183,26.316794,10.672519,1.226126,0.772366,0.886745,64.221402,65.381725,66.525346,1
-0.664209,0.107422,0.208008,-29.777099,-20.723664,-1.170992,1.086409,0.618252,0.628062,69.737395,80.000885,47.106823,1
-0.91062,0.082739,-0.063013,27.71374,18.051145,10.048855,1.359408,0.450644,0.354235,74.505065,76.524794,79.210969,1
-0.776831,0.194775,0.40625,-12.059542,9.59771,14.258779,1.14425,0.415477,0.597346,63.321053,77.590568,66.839967,1
-0.717944,0.135107,-0.040234,-5.553435,-17.556489,-6.301527,1.086403,0.391861,0.672202,104.74281,92.089248,69.985167,1
-0.496948,0.207764,0.297144,12.529008,36.869466,-6.475573,1.036947,0.487905,0.494871,53.514138,52.498557,72.907241,1
-0.816187,0.257074,0.43266,-36.567939,-16.127481,-3.60458,1.125467,0.9862,0.859283,80.811335,86.430899,55.349481,1
-0.960718,0.139355,-0.046265,38.699237,34.219847,18.103053,1.31781,0.598055,0.336781,93.763111,67.404185,76.375166,1
-0.877563,0.260083,0.361401,-17.60458,-18.09084,-9.709924,1.201102,0.570611,0.693753,72.748782,114.193385,55.940026,1
-0.892041,0.163354,0.230219,-9.940458,-32.28855,10.724427,1.203752,0.866735,0.685193,47.086566,74.559285,91.001787,1
-0.540918,0.202515,0.320996,7.625191,43.189313,17.924427,0.982427,0.580605,0.652498,41.743293,66.570966,61.662006,1
-0.671362,0.371533,0.006226,-3.631298,-22.674809,-6.279389,1.034074,0.501066,0.511738,90.76327,92.75105,61.70908,1
-0.644873,0.249585,0.225977,0.593893,27.535115,-10.012977,1.157333,0.451704,0.358304,71.447961,72.778697,72.857601,1
-0.830835,-0.00542,0.337451,-43.663359,-18.105344,9.296947,1.201736,0.470604,0.564076,48.515612,85.744873,68.619572,1
-0.929199,0.265619,0.185565,33.067176,22.132061,8.419847,1.276146,0.908971,0.742714,90.738219,49.600616,55.717863,1
-0.779321,0.201587,0.417017,-29.548092,0.417557,-5.777863,1.109952,0.45755,0.738726,76.792745,85.064436,58.582537,1
-0.896558,0.069531,0.220093,3.60229,-29.845038,5.096947,1.249373,0.419953,0.730674,61.617568,88.820405,85.19381,1
-0.688574,0.186328,0.183936,-3.596947,27.89542,14.616031,1.167051,0.49934,0.308903,57.469244,56.346582,59.156931,1
-0.649609,0.329736,0.204297,-0.989313,-24.270229,-8.460305,1.037824,0.451941,0.577848,80.98975,70.0549,56.945324,1
-0.635742,0.24126,0.243604,-0.727481,28.315267,-13.834351,1.101048,0.414535,0.561356,70.596151,73.804979,64.207042,1
-0.846704,0.043262,0.262036,-28.715267,-10.99313,5.783206,1.194319,0.44681,0.448318,68.543475,90.420352,76.610836,1
-0.830811,0.261792,0.042352,41.053435,10.638931,12.685496,1.238442,0.613585,0.762839,70.35263,51.830639,66.0536,1
-0.830322,0.174536,0.373975,-10.572519,0.374046,-3.440458,1.181361,0.594036,0.554499,64.004832,82.414308,57.346053,1
-0.806543,0.138306,0.027417,-16.901527,-40.603817,-6.30458,1.154843,0.485943,0.397129,80.995067,92.841106,59.514083,1
-0.614355,0.224634,0.41311,5.325954,30.194656,9.416794,1.107146,0.463921,0.634114,69.961654,56.073081,58.534036,1
-0.612231,0.336865,0.208539,-5.012214,-17.89084,-5.549618,0.971249,0.73845,0.755492,70.719241,77.81581,50.070388,1
-0.567749,0.188281,0.215894,13.706107,27.283206,-9.243511,1.043173,0.437897,0.45849,52.620049,60.301599,66.752441,1
-0.981104,0.088867,0.113696,-54.481679,-3.522901,9.705344,1.389453,0.440616,0.479201,74.48349,93.999282,86.950381,1
-0.765649,0.214307,0.012476,42.940458,21.570229,7.583206,1.223353,0.354531,0.679246,110.377602,54.585808,70.957511,1
-0.807031,0.127905,0.341992,-19.001527,5.249618,-1.091603,1.19985,0.461947,0.546515,59.901561,86.14154,59.375461,1
-0.61167,0.268164,0.070288,-5.506107,-22.818321,-7.039695,0.956083,0.455232,0.607983,111.960872,57.14167,67.27492,1
-0.4927,0.134619,0.283154,-7.80916,20.023664,12.315267,1.099268,0.306586,0.559765,48.872579,72.418908,78.761413,1
-0.880249,0.298846,0.280634,-44.391603,-27.137405,-4.61374,1.261998,0.796396,0.74356,97.364463,92.815484,59.790611,1
-0.596118,0.231592,0.236621,29.545038,19.262595,2.471756,1.048204,0.370677,0.382499,49.826134,43.538662,75.089552,1
-0.810571,0.221948,0.272021,-44.970992,-9.043511,6.59542,1.174813,0.449741,0.621422,88.823638,73.375652,59.049008,1
-1.012329,0.063745,0.007251,16.524427,7.178626,12.454198,1.393936,0.454239,0.369583,79.85069,55.083761,78.837253,1
-0.867187,0.189868,0.318726,-26.718321,1.378626,11.390076,1.281705,0.398348,0.465511,64.813442,94.18295,62.28464,1
-0.61731,0.290186,0.082959,-2.284733,-28.064122,-14.453435,1.004167,0.422252,0.518028,95.663671,72.509447,59.936342,1
-0.561768,0.204639,0.291602,14.406107,17.606107,4.999237,1.103948,0.332581,0.411113,55.348841,57.124564,66.940067,1
-0.74541,0.115503,0.209863,-38.643511,-7.923664,3.526718,1.16003,0.520862,0.501013,65.330145,88.948247,82.684127,1
-0.869019,0.467474,0.333032,10.144275,11.576336,9.731298,1.28597,0.768548,0.555305,67.697785,60.648441,72.503819,1
-0.833252,0.173389,0.204395,-45.329008,-14.98855,-3.990076,1.233068,0.540891,0.445595,72.052453,82.268877,48.031537,1
-0.710254,0.227734,-0.023389,27.99542,1.544275,2.057252,1.143237,0.37763,0.535754,88.209014,59.619317,68.158287,1
-0.804663,0.235107,0.23894,-22.979389,14.972519,10.345802,1.189803,0.420175,0.447787,82.243374,93.285327,69.622153,1
-0.744775,0.345795,0.266522,-17.506107,-45.319084,-7.681679,1.04075,0.810061,0.750571,67.078456,89.42322,59.582627,1
-0.53623,0.209033,0.216895,4.948855,19.461069,8.780916,1.069736,0.356529,0.378801,62.278633,66.773513,63.054301,1
-0.823926,0.19209,0.255151,-31.632824,-5.468702,3.933588,1.192174,0.696335,0.513448,71.170517,83.927651,75.686969,1
-0.613135,0.16875,0.103125,17.358779,10.712214,-2.262595,1.131906,0.344606,0.201117,79.612871,66.687331,76.879122,1
-0.800732,0.360913,0.169043,-50.774046,-9.424427,5.329771,1.156503,0.596337,0.676671,103.071897,88.172104,69.025444,1
-0.867334,0.278632,0.101361,17.372519,2.783969,8.958779,1.248259,0.838835,0.767995,79.73397,53.05028,65.396824,1
-0.814429,0.237354,0.292993,-23.170229,8.221374,1.8,1.15869,0.546,0.438221,68.336057,80.330294,55.79499,1
-0.589282,0.294873,0.101978,-5.070992,-22.727481,-10.119847,0.941226,0.549039,0.665415,101.129502,81.941391,63.221983,1
-0.562964,0.236841,0.326611,3.051908,25.622901,12.365649,1.148538,0.455378,0.511551,49.500059,57.457006,67.618997,1
-0.831104,0.263428,0.230029,-35.79313,-17.779389,1.016794,1.196785,0.729331,0.613753,74.236979,72.554345,58.423832,1
-0.643359,0.382129,0.360571,31.029771,30.000763,-3.943511,1.072511,0.618666,0.528859,66.605137,53.633641,65.761711,1
-0.905615,0.183691,0.390552,-49.896183,-6.71374,6.49771,1.262891,0.699022,0.698126,81.587475,71.331163,63.405909,1
-0.975732,0.03728,0.074097,22.241221,5.461832,15.154198,1.401899,0.388825,0.403785,70.978756,52.356884,96.034179,1
-0.773584,0.235498,0.446045,-16.89771,12.238168,13.957252,1.195881,0.524296,0.661313,62.692345,75.532537,69.65756,1
-0.649463,0.30813,0.00813,-16.106107,-22.80229,-8.780916,1.021384,0.423973,0.701516,109.631824,71.840877,65.360213,1
-0.548267,0.235767,0.303613,-2.719847,32.499237,-12.38855,1.100555,0.443317,0.478251,58.619546,55.31537,71.551749,1
-0.814771,0.098047,0.035059,-11.081679,11.264885,5.944275,1.221561,0.479099,0.462511,105.209254,99.773111,75.693256,1
-0.924121,0.288715,0.349139,5.472519,-7.345802,15.983206,1.235174,0.789446,0.767788,70.8132,60.825713,64.666375,1
-0.955225,0.270215,0.291284,-30.238168,-13.507634,-4.118321,1.298062,0.47269,0.461954,74.216251,85.107179,54.090324,1
-0.651172,0.244849,0.210687,12.4,-23.558779,-8.81145,0.976606,0.697556,0.712968,90.309466,69.073871,58.372962,1
-0.616748,0.224707,0.253198,3.493893,32.487786,20.141221,1.133181,0.378691,0.363193,80.09737,58.47984,67.27882,1
-0.857422,0.232593,0.233765,-36.708397,-18.91374,0.275573,1.163102,0.816348,0.481497,61.820485,85.021799,71.173372,1
-0.620654,0.402173,0.285394,19.687786,17.676336,-16.889313,1.129932,0.665497,0.703019,91.878379,61.441947,58.884683,1
-0.77207,0.151758,0.128247,-32.829008,-5.861069,-2.734351,1.139497,0.724594,0.464457,83.001054,99.407068,52.808182,1
-0.803345,0.272095,0.042676,28.59542,-4.041221,6.115267,1.188215,0.394488,0.46887,93.03708,44.527025,71.485928,1
-0.817334,0.173071,0.155225,-0.780916,16.456489,10.801527,1.155026,0.464339,0.305115,87.353346,81.59234,53.537278,1
-0.867871,0.251294,0.233154,-38.414504,-36.081679,-2.329771,1.240513,0.783339,0.456302,60.551715,62.71653,58.53433,1
-0.50874,0.257617,0.362061,25.214504,39.157252,-12.921374,1.096647,0.545747,0.593025,67.743496,73.58712,65.856972,1
-0.823291,0.238818,0.106592,-11.703817,20.70916,1.116031,1.238027,0.50002,0.470019,104.469415,87.544769,61.260719,1
-0.988672,0.137402,-0.053516,-12.318321,-4.760305,11.162595,1.328969,0.688681,0.382104,60.391293,54.220993,78.595264,1
-0.758179,0.167871,0.213818,6.648855,17.60687,0.216794,1.145736,0.350935,0.41964,65.274938,68.29725,30.62794,1
-0.605664,0.323779,0.140131,-9.925191,-27.959542,-13.447328,0.945964,0.562197,0.764592,105.909717,83.933085,59.155883,1
-0.515942,0.227368,0.269556,12.452672,23.382443,-8.164885,1.036911,0.505938,0.469556,46.806791,67.305252,62.996659,1
-0.874048,0.208423,0.30791,-9.556489,-2.177099,1.560305,1.167149,0.726222,0.641194,65.768858,92.394831,52.284576,1
-1.028467,0.136646,0.123267,29.437405,-4.754962,10.662595,1.424614,0.591347,0.392061,80.41541,49.238236,64.799687,1
-0.938818,0.258887,0.327026,-24.838931,-19.946565,-7.131298,1.294555,0.428825,0.591477,89.381176,98.507586,49.414541,1
-0.607886,0.187451,0.002271,15.119847,-11.09313,-2.219084,1.099395,0.344457,0.586445,92.137752,82.271848,66.792052,1
-0.589746,0.196387,0.186255,15.29542,28.854198,20.506107,1.08603,0.472897,0.350312,63.909452,66.135094,61.609362,1
-0.637158,0.299072,0.131665,-17.625954,-11.169466,-6.092366,0.973734,0.373299,0.401164,98.650899,72.83341,62.580713,1
-0.64812,0.275928,0.264111,17.293893,22.060305,-15.901527,1.144045,0.462656,0.541231,85.160555,82.163135,64.75506,1
-0.99812,0.128662,0.204077,-51.066412,-22.953435,13.819847,1.363701,0.468506,0.456976,87.487779,94.696094,66.118798,1
-0.996997,0.162622,0.11958,10.364885,-9.535878,13.145038,1.328369,0.76107,0.418039,75.540833,49.50929,60.752742,1
-0.953662,0.218848,0.182056,-3.141985,3.870992,-2.608397,1.284243,0.34759,0.312832,63.54179,82.261081,46.307916,1
-0.786792,0.215454,0.204663,-35.849618,-42.196183,1.723664,1.13385,0.880227,0.459419,69.250167,72.304833,61.987862,1
-0.571216,0.168262,0.178101,20.970229,19.158015,6.419847,1.23378,0.412903,0.31548,76.977039,72.326525,64.656983,1
-0.627563,0.271484,0.186761,-33.835878,1.687023,-9.832824,0.921689,0.556695,0.775587,80.276143,85.20584,45.254265,1
-0.762109,0.243213,0.119678,61.024427,29.99313,9.555725,1.258164,0.529512,0.513387,78.450956,66.971447,70.156015,1
-0.940674,0.284766,0.363306,-40.069466,3.19084,-14.599237,1.328984,0.582476,0.656078,74.502804,86.568236,66.619288,1
-0.911646,0.083716,-0.00127,2.778626,-12.072519,1.214504,1.351634,0.449508,0.289912,103.478185,79.661865,75.258928,1
-0.743896,0.183594,0.304321,23.767176,29.622901,21.917557,1.199343,0.574781,0.492368,72.585459,75.358749,61.398423,1
-0.831128,0.196265,-0.035962,-36.337405,-20.882443,-2.773282,1.205804,0.534154,0.564036,76.538384,79.518304,83.812835,1
-0.57605,0.150049,0.223682,16.048092,16.60458,-8.357252,1.119347,0.250309,0.43031,76.61152,89.884599,62.153116,1
-0.9521,0.211743,0.155298,-63.780916,-25.88855,5.314504,1.362838,0.768347,0.393809,72.624946,109.962423,56.032901,1
-0.78269,0.318823,0.140936,33.263359,2.824427,7.912977,1.205276,0.648101,0.721478,82.446602,52.840202,57.454048,1
-0.850098,0.255981,0.20791,-22.112214,5.51145,-3.123664,1.199961,0.453385,0.436167,82.033108,81.229173,49.012284,1
-0.801489,0.097119,0.110156,1.10229,-26.635115,0.015267,1.208965,0.351077,0.378285,100.526303,92.371295,76.898924,1
-0.579858,0.283789,0.321826,7.370229,27.333588,9.164122,1.173503,0.378851,0.477471,69.921748,69.748788,56.233501,1
-0.803149,0.342938,0.247168,-32.987786,-15.761069,-5.461069,1.135058,0.831708,0.750339,68.025564,87.690119,59.793065,1
-0.654834,0.206421,0.078247,16.770229,24.468702,-3.738931,1.15845,0.49912,0.329857,78.957178,67.616219,62.078001,1
-0.87959,0.333008,0.206372,-29.534351,6.954962,14.317557,1.292191,0.594966,0.55733,78.494605,90.467034,69.830701,1
-0.937402,0.172729,0.114111,8.980153,-4.845038,13.977099,1.369476,0.404976,0.486832,73.20113,66.283165,90.613796,1
-0.846606,0.171338,0.219653,-4.932824,15.237405,-3.816031,1.214094,0.595772,0.394186,74.512695,81.762836,54.719208,1
-0.680151,0.189941,0.054175,-12.362595,-18.59084,-5.367939,1.149568,0.399942,0.407676,103.921982,82.952377,68.255839,1
-0.543896,0.227759,0.098437,18.763359,24.09771,7.534351,1.09309,0.398851,0.362108,68.589157,64.741382,71.199041,1
-0.634644,0.280371,0.148657,-31.307634,1.098473,-8.891603,1.013875,0.416396,0.500516,96.705319,85.962211,57.881121,1
-0.810205,0.260718,0.124829,35.778626,16.212214,12.217557,1.240689,0.424775,0.508219,83.017476,76.761167,65.978935,1
-0.993384,0.252661,0.312207,-53.345038,-7.283969,-8.078626,1.349694,0.420029,0.554002,76.254939,91.629772,58.092274,1
-0.926099,0.254932,0.122119,9.262595,-26.160305,8.405344,1.279203,0.727667,0.608603,84.506054,72.103639,66.933139,1
-0.791528,0.220776,0.158911,5.445802,23.143511,8.99771,1.160921,0.547134,0.372127,72.702753,75.540583,55.387748,1
-0.580151,0.28877,0.299969,-31.462595,-21.29542,-3.794656,1.033441,0.664229,0.75363,78.309824,68.613657,61.094752,1
-0.638281,0.397754,0.453418,29.928244,6.559542,-9.574809,1.144396,0.800276,0.900412,70.879831,86.976668,66.471979,1
-0.954321,0.313452,0.383081,-18.492366,0.771756,6.987023,1.249469,0.641287,0.554952,106.633012,72.726716,59.177984,1
-0.795654,0.230225,0.124609,-12.747328,25.522137,2.432061,1.248109,0.517385,0.490819,111.200288,61.374996,50.858881,1
-0.803833,0.094214,0.229517,3.10687,11.622901,-10.081679,1.204489,0.297033,0.335962,60.076056,74.433969,64.932321,1
-0.662646,0.328516,0.205127,-11.887786,-26.459542,8.28855,1.006321,0.49668,0.526233,100.19815,62.904212,65.292731,1
-0.589185,0.276318,0.299487,4.210687,24.052672,-8.696183,1.126078,0.460106,0.438905,68.963836,55.63519,47.802532,1
-0.678174,0.272705,0.231055,-24.689313,12.974809,-7.535115,1.057555,0.506333,0.482577,96.753805,80.925885,60.472229,1
-0.732397,0.410297,0.311493,31.40458,0.632061,14.503817,1.217332,0.765659,0.845743,74.656254,65.987646,72.500501,1
-0.816406,0.313574,0.215942,-21.68626,-1.405344,-14.593893,1.22363,0.505775,0.522285,56.226529,96.652101,54.919285,1
-0.660522,0.17019,-0.075586,21.443511,7.254198,3.368702,1.154384,0.467552,0.568828,74.48504,80.527538,77.506665,1
-0.756836,0.300757,0.348242,-10.921374,20.972519,10.327481,1.126009,0.505143,0.521806,81.697343,79.581112,54.50997,1
-0.798633,0.334467,0.223285,-41.325191,-47.034351,-13.377863,1.141032,0.76235,0.7615,95.797263,99.533955,65.039439,1
-0.620386,0.226172,0.178809,9.132824,19.88626,6.903817,1.175737,0.410771,0.282527,79.120218,72.512817,55.174425,1
-0.667041,0.266553,0.013818,-32.064885,14.099237,-5.854198,1.086958,0.504673,0.377301,109.14759,90.656757,64.249715,1
-0.883325,0.247949,0.093115,36.158015,30.285496,13.629008,1.300366,0.496709,0.652727,76.540315,73.128107,79.641883,1
-0.903052,0.297729,0.17644,-51.541221,-10.40916,-13.046565,1.323574,0.479638,0.374007,77.207868,97.777558,52.612922,1
-0.666138,0.18396,-0.066284,24.934351,-2.547328,2.479389,1.138535,0.345051,0.694839,91.004843,61.543253,69.685923,1
-0.746436,0.301318,0.297119,16.774809,16.941221,9.344275,1.162352,0.672805,0.500285,92.622293,81.344365,58.549385,1
-0.714673,0.228198,0.078442,-24.71145,-19.284733,-6.550382,1.110779,0.425337,0.443344,103.797622,82.41841,66.429003,1
-0.547412,0.238281,0.326855,18.21374,18.476336,-6.025191,1.159387,0.412833,0.568033,77.1874,74.737687,68.159212,1
-0.606567,0.297845,0.192865,-53.166412,-13.89542,-9.927481,1.005513,0.805049,0.814063,95.115752,104.290127,58.701865,1
-0.785059,0.286963,0.203833,57.287023,16.028244,20.308397,1.282362,0.80919,0.740937,95.535569,56.551418,80.079652,1
-0.800708,0.291309,0.181079,-32.290076,9.753435,-8.990076,1.214064,0.607764,0.503579,97.030177,78.485933,50.501757,1
-0.567651,0.2177,-0.126416,-5.845038,-5.870229,1.261832,1.027844,0.575456,0.381463,103.091076,89.034337,84.804886,1
-0.726709,0.228955,0.258862,10.599237,24.316031,19.312214,1.188812,0.439533,0.46854,70.116467,67.710659,59.447347,1
-0.678174,0.339038,0.130542,-34.448855,-14.578626,-8.850382,0.998244,0.417509,0.546097,127.889945,84.3653,50.318214,1
-0.655054,0.297656,0.23125,19.166412,23.909924,-13.929008,1.165948,0.528809,0.478009,80.222277,63.852149,64.367249,1
-0.973535,0.142187,0.142334,-68.28855,-7.212977,9.971756,1.351884,0.481546,0.70975,104.825658,101.362056,76.998226,1
-0.754712,0.235913,0.10498,51.219084,-1.18626,2.620611,1.235057,0.498655,0.690026,111.285806,57.696378,62.639654,1
-0.911719,0.304614,0.177637,-17.864885,-2.452672,-0.685496,1.286198,0.570358,0.438504,86.412471,100.122154,48.623904,1
-0.581421,0.240625,0.099268,-4.805344,-21.651145,-6.627481,0.989772,0.368714,0.426408,103.879322,72.275571,60.148588,1
-0.532275,0.195483,0.288281,23.120611,32.367939,2.848855,1.118563,0.524827,0.531401,78.063551,63.405215,60.119536,1
-0.778296,0.214771,0.109546,-38.349618,7.596183,-2.424427,1.184747,0.465171,0.470884,109.358409,92.741321,61.244605,1
-0.610083,0.473456,0.426459,29.151908,7.415267,-0.161069,1.122375,0.808432,0.77862,76.65698,75.685475,64.477256,1
-0.929956,0.178491,0.163159,-50.878626,-12.342748,-5.829771,1.29757,0.663348,0.438126,81.317125,93.184531,57.746751,1
-0.910181,0.299188,0.12514,24.403053,-17.954962,12.451908,1.248614,0.848135,0.699794,78.685521,43.391874,63.163648,1
-0.800342,0.094092,0.275757,-4.358015,28.01374,3.729008,1.192409,0.50421,0.50995,76.156401,79.770422,54.129608,1
-0.815747,0.19458,0.079004,-34.933588,-26.876336,-4.00916,1.238183,0.43568,0.437151,78.369299,80.796796,73.735616,1
-0.619653,0.174365,0.252783,21.803817,22.575573,0.423664,1.146834,0.333174,0.361616,68.033094,64.641286,64.501466,1
-0.863818,0.221631,0.167749,-60.726718,-1.987786,-1.230534,1.253183,0.658286,0.397982,74.38503,99.691995,55.972425,1
-0.925391,0.316864,0.272235,33.91145,-7.080153,13.679389,1.356692,0.778366,0.702694,63.87561,57.244616,62.117221,1
-0.902832,0.328223,0.161597,-40.316031,2.169466,-14.3,1.29579,0.691581,0.478743,94.090755,80.432756,50.883526,1
-0.686353,0.180103,-0.048169,12.121374,-7.079389,0.262595,1.165741,0.351557,0.298524,110.497206,83.199671,78.253057,1
-0.689258,0.24812,0.242505,19.168702,28.429008,24.358015,1.165915,0.372149,0.414544,70.994556,68.770546,62.441191,1
-0.593384,0.298798,0.277435,-33.551908,-6.042748,-10.930534,0.984055,0.818267,0.762221,87.106261,73.513339,53.294845,1
-0.628564,0.260156,0.110986,26.00916,33.464885,-7.958015,1.096041,0.483,0.296059,88.593736,68.326734,64.46352,1
-0.858984,0.28418,0.354199,-43.90229,3.321374,8.574046,1.222545,0.498924,0.615297,112.382439,86.526231,66.414722,1
-1.052637,0.070996,-0.111035,15.90229,0.901527,15.29771,1.399014,0.246907,0.444888,82.404734,61.715811,70.86374,1
-0.90459,0.272046,0.258813,-10.058015,3.296183,-1.3,1.278503,0.357838,0.414307,75.068601,95.544837,51.302091,1
-0.615869,0.242725,-0.013501,-10.59313,-11.445802,-7.532824,1.125631,0.372503,0.373786,109.837014,90.325933,76.872196,1
-0.552295,0.208472,0.15603,21.638931,11.678626,8.943511,1.185145,0.501422,0.245686,82.695652,69.90242,73.633191,1
-0.825928,0.153906,0.027026,-56.696947,11.698473,-1.577863,1.20245,0.506249,0.565871,103.817191,96.508677,72.404561,1
-0.543921,0.312769,0.325708,76.535878,30.430534,6.61145,1.085689,0.568195,0.618543,102.744255,66.029262,72.901087,1
-0.962451,0.162964,0.244116,-53.393893,-4.005344,-2.716031,1.300606,0.361317,0.433693,99.388724,82.808988,52.261286,1
-0.629492,0.305151,0.069922,21.669466,-4.009924,3.629008,1.043982,0.422483,0.39197,119.817768,75.780547,73.994623,1
-0.708008,0.140625,0.307617,15.330534,22.674046,11.235878,1.179464,0.377713,0.591565,89.099941,77.852321,68.887642,1
-0.813208,0.19751,0.174194,-50.183206,-32.724427,-3.29542,1.222953,0.482126,0.514411,92.244239,87.167614,73.610932,1
-0.613745,0.200342,0.080688,16.892366,20.50229,-5.657252,1.161226,0.439778,0.354104,79.773857,79.312185,82.986584,1
