-0.957275,0.11521,-0.017236,7.630534,-0.381679,3.043511,0.957301,0.116138,0.021912,7.894186,2.980896,3.316487,0
-0.948584,0.10918,-0.01145,15.987023,-8.759542,-3.601527,0.948641,0.143163,0.017288,21.772249,9.325477,5.580233,0
-0.98501,0.019043,0.004687,-5.100763,-16.709924,1.577863,0.98836,0.051114,0.043141,7.19037,18.609508,11.161388,0
-0.916284,0.109985,0.158643,-21.343511,21.772519,-0.556489,0.929427,0.143826,0.18349,32.804992,38.372491,14.741982,0
-1.035181,0.1323,-0.017163,-6.376336,22.036641,2.115267,1.06624,0.315155,0.195975,31.585278,34.531926,11.057989,0
-0.903857,-0.067358,0.008008,19.338931,-26.616031,-4.712214,0.912708,0.165771,0.046944,46.930824,32.585852,26.926546,0
-0.91626,0.0854,0.162231,-38.499237,11.177099,-0.477099,0.95813,0.165215,0.202595,54.710911,37.563454,27.674122,0
-1.044458,0.144849,-0.034277,8.614504,10.096183,1.148855,1.064086,0.256445,0.199657,31.83725,37.73532,19.962358,0
-0.918579,-0.031226,0.071704,14.138931,-31.661832,-2.377863,0.931425,0.140787,0.155155,35.237686,36.163799,23.575725,0
-0.900171,0.059277,0.072339,-38.306107,18.417557,-1.848855,0.936029,0.22108,0.196866,51.429119,34.694154,28.30994,0
-0.980591,0.154761,0.001172,25.040458,0.626718,2.547328,0.999607,0.30154,0.214735,56.469261,41.365343,29.293798,0
-0.995312,0.000586,0.129565,6.848092,-20.016031,-8.096183,1.003545,0.236495,0.209404,28.139466,28.053804,23.203818,0
-0.89375,0.009546,0.021899,-30.761832,22.184733,9.574809,0.942834,0.102274,0.18368,49.839869,35.515249,22.324096,0
-0.950732,0.110889,0.025146,29.470229,-2.218321,-1.196947,0.977183,0.284731,0.162158,56.429769,43.867184,27.75045,0
-1.082935,-0.046924,0.126172,-6.475573,-9.226718,-13.680153,1.096963,0.232639,0.202685,23.682794,29.334691,24.999953,0
-0.886304,0.053467,-0.077466,-33.229771,28.632061,17.10458,0.932692,0.155176,0.197192,60.765891,37.256649,30.563594,0
-0.910596,0.058545,0.074048,15.827481,-16.249618,4.160305,0.919067,0.254822,0.152856,57.207185,35.779666,26.970523,0
-1.022485,-0.005615,0.13374,-32.274046,3.243511,-12.422137,1.04947,0.307799,0.214964,59.076651,38.132691,34.624768,0
-0.949658,0.046826,0.022827,-16.387786,18.396183,15.967939,0.977891,0.16037,0.212051,46.014192,30.138707,25.795699,0
-0.88064,-0.001245,0.026001,36.844275,-22.622137,-7.198473,0.88898,0.351292,0.083327,60.21585,37.837561,24.79554,0
-0.949414,0.089624,0.085547,-43.791603,6.126718,-1.08855,1.020661,0.286211,0.123548,79.219756,32.950837,43.559956,0
-0.982227,0.180347,-0.021411,30.821374,4.71374,2.738931,1.043319,0.262687,0.126767,43.776965,38.743481,21.760628,0
-0.955054,-0.02749,0.081738,6.680153,-25.087786,-5.347328,0.965238,0.244257,0.148199,48.404703,30.125266,22.644175,0
-0.901147,0.002588,0.057178,-50.972519,21.683206,2.792366,0.933646,0.102783,0.154874,65.25342,33.445363,21.541165,0
-0.932056,0.076318,0.037866,22.747328,-1.252672,3.327481,0.962006,0.251025,0.180242,49.228511,42.93812,27.515752,0
-1.079614,0.002295,0.093066,9.920611,-4.612977,-20.71374,1.094804,0.312668,0.132604,26.183247,23.593919,30.429287,0
-0.224628,-0.001044,0.022589,-26.058015,13.400763,14.643511,0.414268,0.074406,0.047189,48.101933,24.483667,27.916201,0
-0.420056,0.096375,0.041052,1.029771,-0.016794,1.698473,0.682941,0.220049,0.12182,22.422465,19.213345,22.855112,0
-0.000061,-0.000061,-0.000061,-0.007634,-0.007634,-0.007634,0.000061,0.000061,0.000061,0.007634,0.007634,0.007634,0
-0.000061,-0.000061,-0.000061,-0.007634,-0.007634,-0.007634,0.000061,0.000061,0.000061,0.007634,0.007634,0.007634,0
-0.000061,-0.000061,-0.000061,-0.007634,-0.007634,-0.007634,0.000061,0.000061,0.000061,0.007634,0.007634,0.007634,0
-0.000061,-0.000061,-0.000061,-0.007634,-0.007634,-0.007634,0.000061,0.000061,0.000061,0.007634,0.007634,0.007634,0
-0.537115,0.089301,0.035028,5.977099,18.619084,7.70916,0.788306,0.191775,0.143393,24.446455,32.743086,15.850201,0
-0.590137,-0.038135,0.01145,1.71145,-15.70458,-8.241221,0.771811,0.15697,0.066109,28.317082,30.201936,19.642948,0
-0.846686,-0.00274,0.098895,-28.880916,11.275573,8.100763,0.941182,0.079332,0.210308,41.976045,35.82255,29.600286,0
-1.022925,0.16626,0.0302,22.758015,5.540458,-0.38855,1.079629,0.316644,0.214159,56.701398,43.827402,29.496698,0
-0.999731,-0.032715,0.100366,0.025191,-18.541221,-5.764122,1.010631,0.280455,0.203326,46.281213,30.14193,25.82235,0
-0.884863,-0.008228,-0.003076,-45.129008,17.90687,12.89313,0.907249,0.082842,0.162841,64.945332,28.392607,25.932881,0
-1.035571,0.107788,0.095947,41.916031,-4.655725,2.247328,1.09667,0.335986,0.150771,69.277658,41.366469,28.549796,0
-1.02085,0.02561,0.130859,-13.061069,3.875573,-16.08855,1.034391,0.262468,0.197707,44.537375,38.025786,27.10201,0
-0.944067,0.005322,-0.075781,-9.181679,13.89313,13.849618,0.971114,0.206256,0.128058,33.335873,29.399541,21.321294,0
-0.893896,0.013062,0.044971,9.647328,-17.877099,1.787786,0.900603,0.224071,0.118349,52.226109,31.376478,25.181252,0
-0.964648,0.040137,0.14873,-36.631298,6.775573,-2.173282,1.001202,0.230559,0.226178,51.985955,38.520837,26.614982,0
-1.029175,0.14165,-0.026294,5.030534,13.40916,6.617557,1.055914,0.237107,0.168,30.047264,36.304246,17.265401,0
-0.90625,-0.079053,0.063184,25.898473,-29.961832,-9.351145,0.916784,0.166085,0.112186,52.525893,36.834004,26.126108,0
-0.906909,0.055347,0.090479,-23.766412,18.270992,1.781679,0.953845,0.211032,0.219278,47.71406,34.524414,31.5367,0
-0.978882,0.097144,0.024463,8.929771,6.362595,-3.418321,0.998577,0.256487,0.18483,58.735764,42.839138,27.805212,0
-1.013818,0.011328,0.11145,-6.771756,-18.225191,-1.356489,1.023668,0.233853,0.196054,26.056815,28.632932,28.96403,0
-0.888306,-0.016846,-0.029663,-28.038931,21.40458,11.60458,0.922961,0.136563,0.196426,54.359082,35.04706,20.509155,0
-0.968628,0.104321,0.108643,25.118321,-10.930534,0.50687,1.020598,0.326507,0.164301,59.345237,44.662832,24.190957,0
-1.059058,0.021045,0.179517,-14.951908,-3.438168,-13.915267,1.079835,0.240905,0.259152,37.131248,35.99963,30.075474,0
-0.936377,0.086719,-0.001733,-4.474809,31.134351,16.615267,1.006617,0.275251,0.181033,49.548271,41.708919,27.482927,0
-0.873486,0.040332,0.036377,8.445802,-20.408397,-0.037405,0.888844,0.238621,0.14783,50.152888,34.970428,25.358403,0
-0.95791,0.028174,0.148071,-25.358779,4.812214,-12.991603,0.994522,0.216438,0.207022,46.457777,40.31966,35.048788,0
-1.012671,0.10144,0.014209,-0.11145,14.959542,11.80916,1.036749,0.277819,0.280157,29.702152,29.958747,19.860476,0
-0.907983,-0.059766,0.013086,27.942748,-26.324427,-3.553435,0.916597,0.187628,0.04568,55.814674,34.693439,24.988851,0
-0.906055,0.067114,0.129907,-38.345038,11.20916,2.317557,0.957283,0.170501,0.213902,60.777568,34.907326,35.393732,0
-0.98291,0.141187,0.014355,4.044275,9.217557,-5.70229,1.025075,0.355921,0.230451,57.29919,51.03167,23.25097,0
-1.006592,-0.029102,0.11543,-2.744275,-24.383206,-9.71145,1.024146,0.277853,0.241747,38.519498,29.840465,26.292945,0
-0.893555,0.005835,0.031616,-22.551908,22.071756,10.283969,0.952596,0.108535,0.1488,49.008904,39.034993,19.593523,0
-0.94231,0.130908,0.042529,39.838168,-5.785496,3.791603,0.985196,0.269568,0.237121,60.909511,50.275172,28.741755,0
-1.075513,0.000146,0.154785,-11.359542,-1.433588,-14.133588,1.08613,0.232549,0.225804,27.191941,37.453206,26.19687,0
-0.904834,0.048975,-0.065918,-12.756489,24.890076,16.69084,0.954632,0.167456,0.134322,49.259344,37.51758,22.90713,0
-0.863843,0.017725,0.04248,11.285496,-23.625954,-2.661069,0.877007,0.260379,0.106956,48.44323,37.844016,20.607461,0
-0.936084,0.076562,0.181934,-45.199237,6.418321,-1.403817,0.997066,0.211074,0.25518,55.493077,43.293209,26.192815,0
-1.023413,0.171948,0.000464,21.870229,8.341985,9.949618,1.044598,0.304848,0.201251,44.055714,35.258423,24.899177,0
-0.928662,-0.046313,0.112036,15.890076,-28.70687,-10.475573,0.944311,0.201883,0.185524,48.204817,34.934986,22.876913,0
-0.909937,0.053882,0.069653,-34.147328,25.816794,-0.645038,0.971917,0.246395,0.179189,50.623456,36.049699,32.283445,0
-0.905249,0.132007,0.0552,29.90687,0.542748,5.369466,0.931686,0.294348,0.184995,58.075818,48.588507,27.621266,0
-1.101563,-0.056201,0.151953,-10.635115,-5.590076,-11.429771,1.121061,0.253486,0.225086,25.86963,32.028795,24.559562,0
-0.880469,0.080615,-0.007739,-37.440458,20.725191,13.709924,0.954078,0.236978,0.199055,63.476693,40.266484,21.349218,0
-0.823999,0.033691,0.033569,35.366412,-18.164885,-3.761832,0.833925,0.213645,0.097023,57.337461,37.251137,21.26864,0
-0.959302,0.019263,0.166797,-31.851908,5.729771,-3.956489,1.028992,0.259858,0.243734,46.04913,41.930253,36.122214,0
-1.028784,0.144287,-0.007349,11.238168,15.00229,1.558015,1.072274,0.274226,0.12918,50.627508,42.657909,23.437014,0
-0.905225,-0.106567,0.05769,27.054198,-22.260305,-4.503817,0.921338,0.226479,0.118137,55.31736,31.293911,24.03705,0
-0.949512,0.029175,0.064746,-53.714504,12.329771,5.959542,1.011614,0.196075,0.133413,71.789789,31.113174,42.201521,0
-1.008569,0.119434,0.055518,-0.69771,-4.453435,4.11145,1.055592,0.231147,0.201257,41.206111,46.853653,19.384725,0
-1.049316,-0.049023,0.224829,-78.387786,-1.493893,-2.048855,1.075311,0.275227,0.322622,96.930752,29.961291,25.944731,0
-0.924878,0.174805,0.01875,-54.80229,6.943511,12.946565,0.965423,0.199359,0.104215,79.694371,21.707091,21.40224,0
-0.896143,-0.025342,0.143579,61.106107,-15.835115,0.278626,0.906615,0.184975,0.18842,84.773123,39.227019,19.925206,0
-1.02395,0.022485,0.203784,11.00458,17.039695,-17.287786,1.048739,0.105057,0.267416,36.670404,40.398875,28.644503,0
-0.9198,0.046436,-0.048242,12.548092,17.273282,17.787023,0.96087,0.099759,0.134037,28.499066,33.152645,22.270559,0
-0.897729,-0.042798,0.033301,31.990076,-28.917557,-13.761832,0.91227,0.23222,0.0915,45.664622,42.112817,26.528942,0
-0.923828,0.096387,0.0198,-16.270992,10.760305,2.61374,0.987182,0.343121,0.146697,60.310385,27.24632,32.372231,0
-0.955518,0.152124,-0.009473,19.378626,0.282443,1.037405,0.982021,0.271454,0.157517,52.398489,54.465148,30.44663,0
-1.050269,-0.030835,0.095264,5.116794,-7.90916,-14.706107,1.061323,0.262975,0.154423,29.405987,28.724591,27.137687,0
-0.923511,-0.010352,-0.036743,-39.469466,24.457252,19.277099,0.97471,0.155361,0.114299,54.827909,35.548987,29.965743,0
-0.845654,0.094604,0.030566,14.922901,-10.100763,-1.10458,0.853568,0.28629,0.107163,61.311674,41.078476,29.630145,0
-0.992187,-0.011377,0.098633,7.058779,4.048855,-12.184733,1.03637,0.34259,0.178056,60.59931,37.255138,43.282169,0
-1.073389,0.144385,-0.022583,-8.112977,16.680153,6.733588,1.118428,0.334807,0.244235,25.812845,24.909474,15.969881,0
-0.918457,-0.088672,0.017432,22.432824,-24.514504,-8.735878,0.930959,0.176012,0.055193,43.386993,37.004732,22.495452,0
-0.903955,0.031592,0.039111,2.383969,13.958779,0.954962,0.955418,0.178373,0.148809,29.885511,33.513127,35.434951,0
-0.996021,0.054663,0.020435,25.000763,1.51374,-6.994656,1.016005,0.250719,0.143174,58.904982,37.656572,23.030159,0
-1.011768,-0.053906,0.059375,1.979389,-11.077863,-5.479389,1.021769,0.292793,0.119574,32.877301,19.504002,33.961362,0
-0.949707,-0.012939,-0.015796,-2.61374,17.496947,22.641985,0.989024,0.126893,0.107083,38.021089,27.625732,28.917875,0
-0.930981,0.124341,0.069775,23.40687,0.789313,11.526718,0.953295,0.233896,0.096482,29.411365,17.711734,19.611843,0
-0.768909,-0.055481,-0.049255,2.832824,3.990076,-4.930534,0.884735,0.134282,0.113437,59.625718,14.952612,23.081476,0
-0.850061,0.094763,-0.044299,-48.243511,13.785496,-5.136641,0.970283,0.184803,0.162179,60.968743,25.345985,16.175336,0
-0.577899,-0.025067,0.042926,-2.064885,-15.756489,-5.450382,0.76037,0.226308,0.085984,34.918859,23.253878,27.344608,0
-0.645251,0.001233,-0.022424,-58.348092,10.049618,12.887023,0.740541,0.138659,0.06932,69.016654,14.522415,22.18212,0
-0.95686,0.166382,0.051636,23.120611,0.458015,-6.38626,0.981793,0.26333,0.161156,52.643314,43.185092,21.776325,0
-1.067407,-0.07251,0.119995,-3.109924,-14.974809,-11.728244,1.081704,0.219452,0.169408,19.65451,27.302264,29.172941,0
-0.931128,0.041138,-0.0052,-42.629771,28.715267,19.638168,0.996191,0.141662,0.110318,59.491306,39.607275,26.357574,0
-0.8979,0.020654,0.04668,29.460305,-16.248855,9.291603,0.912241,0.234761,0.145691,60.881387,40.587929,28.955632,0
-0.988306,0.011475,0.154517,-40.970992,2.592366,-9.242748,1.034984,0.322542,0.232363,59.570013,41.412677,35.324544,0
-1.110498,0.110083,-0.003979,0.79084,13.403817,12.450382,1.178324,0.300981,0.282625,26.979223,25.995145,21.388623,0
-0.874854,-0.055225,0.041235,37.354962,-32.91374,-9.170992,0.888455,0.248338,0.101038,63.138084,45.054614,23.245184,0
-0.926367,0.060132,0.103833,-53.29084,18.856489,1.162595,1.034025,0.208359,0.242126,71.439956,41.036834,36.329103,0
-1.0448,0.129541,0.052197,30.773282,-8.003053,2.129771,1.112565,0.272511,0.266801,63.524305,53.123945,28.899019,0
-1.10813,-0.057153,0.127832,-7.098473,-9.516794,-13.490076,1.130691,0.278659,0.222705,36.17206,31.191716,27.799043,0
-0.852393,0.040918,-0.076978,-36.529771,29.135878,17.577863,0.909897,0.117012,0.150052,57.530182,46.786867,28.086455,0
-0.886987,0.029028,0.059473,36.735115,-15.210687,3.764885,0.897364,0.296418,0.152833,77.740163,46.511267,31.604543,0
-0.98103,0.000073,0.141797,-30.992366,2.400763,-6.033588,1.05109,0.31233,0.196408,51.264765,40.642925,40.926804,0
-1.012109,0.125977,-0.017969,-7.558015,17.593893,8.20687,1.0561,0.271865,0.182572,38.650778,41.433707,16.991057,0
-0.890015,-0.076709,0.098267,19.499237,-34.137405,-14.836641,0.91493,0.283396,0.18699,55.978897,44.492743,30.126348,0
-0.935278,0.024658,0.08606,-31.628244,18.380916,4.626718,1.04124,0.291597,0.168718,70.750229,36.381522,43.617142,0
-0.974561,0.104199,0.036914,33.120611,-0.032061,4.681679,1.008403,0.255641,0.180001,63.368292,52.428582,33.511764,0
-1.090308,-0.053052,0.139087,-14.415267,-4.296947,-14.568702,1.107219,0.319621,0.23727,33.37201,37.081141,28.619371,0
-0.942187,0.118213,0.015845,-31.274046,26.09313,20.883206,1.019697,0.305427,0.354802,62.598803,41.198523,28.223951,0
-0.838647,-0.071948,0.029883,37.00687,-25.228244,-3.285496,0.852988,0.312682,0.114283,57.145442,46.723336,26.360374,0
-0.943701,0.046997,0.161426,-42.512977,5.032824,-4.551908,1.036215,0.264075,0.233608,59.900114,44.7362,39.680032,0
-1.113208,0.109082,-0.00332,11.70687,7.100763,2.174046,1.158156,0.267271,0.298779,51.673123,47.517448,30.884651,0
-0.954761,-0.036279,0.101709,3.109924,-20.714504,-8.499237,0.984691,0.277396,0.19146,44.366546,32.886395,32.178411,0
-0.893677,-0.027026,-0.011084,-29.682443,17.134351,12.106107,0.964333,0.119439,0.152735,56.277618,32.880939,26.225321,0
-0.912891,0.084399,0.041309,26.661069,-6.524427,0.859542,0.944211,0.284265,0.160165,54.456253,49.938303,28.002937,0
-1.073779,-0.026538,0.202832,-9.998473,3.870992,-11.551145,1.098147,0.252168,0.263435,37.74043,44.295617,32.138049,0
-0.911938,0.032568,-0.0427,-25.825191,20.856489,15.835115,0.968805,0.132593,0.1702,50.372504,39.54269,23.965376,0
-0.840527,0.016406,0.059692,18.737405,-29.327481,-11.425191,0.847041,0.273627,0.076356,42.12996,39.808707,30.181446,0
-0.947998,0.063647,0.179932,-27.437405,6.046565,-6.416031,1.023802,0.208146,0.251117,43.798029,29.920368,28.952772,0
-1.046826,0.099902,0.061987,-6.954198,11.868702,8.246565,1.062741,0.175786,0.151871,22.73288,37.704532,29.738605,0
-0.936353,-0.020776,0.122607,15.444275,-19.632061,-11.535878,0.957212,0.177956,0.186604,26.535014,27.68623,28.233273,0
-0.914404,0.021655,0.011475,-29.143511,26.729008,15.572519,0.973676,0.100094,0.14727,53.428046,39.074311,22.582175,0
-0.932471,0.16709,0.039795,23.221374,-9.459542,2.074046,0.959784,0.282564,0.17221,49.390943,43.816455,26.673194,0
-1.073877,0.021753,0.153613,-3.778626,-4.438168,-11.958779,1.085985,0.212068,0.219148,20.09551,34.821909,27.425507,0
-0.914795,0.072876,-0.054248,-24.392366,31.820611,12.720611,0.963365,0.183825,0.119753,49.232402,42.382707,20.539024,0
-0.870996,-0.003198,0.031201,18.042748,-22.10458,2.615267,0.886841,0.239548,0.135825,58.660577,36.867619,30.500077,0
-0.957422,0.09126,0.149609,-41.067939,10.844275,-1.780153,1.025122,0.231834,0.217021,59.80278,40.896691,31.974546,0
-1.057568,0.17854,0.01936,6.339695,10.756489,-0.426718,1.108645,0.262619,0.194575,39.531743,40.214342,17.187647,0
-0.91145,-0.078125,0.050488,20.459542,-23.965649,-9.234351,0.927796,0.247662,0.148326,45.144963,34.365882,26.0437,0
-0.953345,0.048022,-0.009717,-36.41374,14.408397,6.109924,1.025033,0.240178,0.113532,60.764724,28.708826,39.623317,0
-0.962793,0.129224,0.023315,28.122137,-2.077099,1.930534,0.991237,0.315106,0.244102,59.974556,49.947268,23.969815,0
-1.094995,-0.031348,0.099756,-3.370992,-6.319084,-12.440458,1.108866,0.246576,0.198059,21.895584,26.29129,27.451603,0
-0.914478,0.085449,-0.081323,-41.214504,29.665649,18.150382,0.986351,0.180114,0.127997,63.894598,41.665724,28.809996,0
-0.840308,0.061572,0.014233,10.275573,-17.471756,-0.753435,0.858128,0.207221,0.102285,35.711686,33.818489,24.386678,0
-0.973633,0.024438,0.096143,-28.603053,5.532824,-9.243511,1.035991,0.266546,0.16393,49.405674,38.902572,36.288079,0
-1.068164,0.165356,-0.052441,-2.651908,7.467176,8.658779,1.106743,0.289577,0.180463,34.602488,36.595942,24.972796,0
-0.971533,-0.073682,0.078662,26.126718,-32.092366,-11.812977,1.005158,0.266312,0.155073,60.634174,43.364941,25.546556,0
-0.902368,0.053711,-0.005444,-35.196183,24.68626,16.516794,0.949707,0.069622,0.151729,42.987744,32.885151,26.690122,0
-0.952563,0.120703,0.064185,32.744275,-6.846565,1.051145,0.996005,0.238256,0.10841,47.058283,55.438491,23.02831,0
-1.010425,0.004199,0.127661,-31.6,0.933588,-5.619084,1.063907,0.352165,0.241443,69.425056,44.840447,30.295821,0
-1.011011,0.112329,-0.029468,-6.043511,15.282443,10.251145,1.042914,0.239428,0.166014,44.110314,35.733037,16.813985,0
-0.883594,-0.056104,0.044116,44.283969,-32.89084,-12.635115,0.898337,0.236503,0.097511,58.06555,39.571237,21.944982,0
-0.916284,0.050195,0.063599,-43.264885,18.735115,5.612977,0.996024,0.217829,0.25012,60.136526,33.757375,36.664826,0
-0.958691,0.105615,0.051929,28.418321,-3.503053,5.20687,0.984924,0.269659,0.221952,55.59713,53.360705,23.676503,0
-1.090576,-0.019873,0.132275,-18.922901,-9.219847,-10.818321,1.107301,0.133595,0.207339,34.150425,31.736175,27.169276,0
-0.963599,0.134521,-0.009863,-31.374809,32.00916,22.116794,1.065013,0.244001,0.236911,67.274169,51.197008,24.971727,0
-0.843481,0.021094,0.0271,24.303817,-23.587023,-4.441221,0.861336,0.269518,0.112393,48.090597,37.591766,24.037,0
-0.960913,0.062866,0.113354,-37.459542,1.853435,-1.581679,1.02145,0.259478,0.204934,51.631895,42.449362,31.701557,0
-1.046631,0.13689,-0.032739,7.531298,1.620611,9.334351,1.160755,0.319747,0.256474,41.834162,44.063208,37.852073,0
-0.95437,0.007886,0.096021,14.319084,-24.435115,-13.214504,0.97006,0.200349,0.22693,35.436055,30.436114,30.287579,0
-0.911328,0.046582,0.022534,-55.098473,28.189313,8.460305,1.000431,0.180628,0.224545,74.808387,41.039213,27.730313,0
-0.897876,0.098145,0.035645,41.593893,-6.198473,6.412214,0.931579,0.306541,0.118395,70.85034,55.378029,29.880524,0
-1.059473,0.010669,0.113062,-21.316794,-1.382443,-14.101527,1.083188,0.340314,0.195946,45.739378,41.108498,31.486282,0
-0.969043,0.102002,-0.065991,-7.977863,20.187786,18.553435,1.046858,0.243862,0.251327,51.681209,38.348784,25.794647,0
-0.851465,0.010913,0.004272,22.528244,-26.281679,-8.012977,0.863857,0.294903,0.069288,51.913061,38.35084,24.505638,0
-0.932886,0.068091,0.133203,-45.579389,10.877099,3.730534,1.003183,0.243797,0.213092,71.475823,41.655404,35.12,0
-1.071265,0.118286,-0.066333,11.099237,6.616031,-2.780916,1.112113,0.220415,0.243872,33.699957,49.174813,23.853344,0
-1.004517,-0.048071,0.08396,10.330534,-21.691603,-13.792366,1.027341,0.225897,0.189919,48.432569,26.831676,33.883345,0
-0.946313,0.008398,-0.053906,-46.591603,29.059542,23.651145,1.034608,0.232025,0.172682,80.487791,43.15992,35.417764,0
-0.842358,0.070312,0.03147,34.158779,-13.220611,2.196183,0.864194,0.299498,0.096685,49.786013,43.671758,17.117583,0
-0.959229,0.020654,0.122607,-42.449618,2.382443,-3.751145,1.054472,0.314729,0.177058,70.072335,38.041689,49.518347,0
-1.054785,0.165454,-0.037207,7.267176,7.601527,2.149618,1.097538,0.221561,0.271887,45.189379,47.517767,29.383656,0
-0.957349,0.001001,0.111865,8.424427,-30.714504,-10.538931,0.990372,0.309743,0.216743,60.867203,38.610721,35.504738,0
-0.908984,-0.013281,-0.013281,-47.230534,28.019084,9.900763,1.024015,0.153894,0.19745,63.318276,43.585186,25.023361,0
-0.887524,0.090942,0.029687,36.722137,-4.99313,3.098473,0.962801,0.357668,0.166594,71.588874,52.403165,42.64906,0
-1.021094,0.029395,0.1479,-26.255725,7.716031,-11.248092,1.089882,0.288799,0.193019,62.724825,45.523062,29.989324,0
-0.998413,0.07771,-0.051831,-5.700763,16.043511,18.092366,1.043753,0.202189,0.203508,39.474189,38.393393,19.767082,0
-0.909741,-0.078369,0.028906,39.906107,-31.042748,-5.678626,0.92444,0.293613,0.149331,59.110917,40.884397,19.541064,0
-0.897388,0.061938,0.04585,-57.599237,16.1,3.767176,0.94898,0.248477,0.216812,68.00752,29.058224,40.589298,0
-0.952783,0.162158,-0.001538,25.387786,-4.620611,3.151908,0.981677,0.266495,0.168014,61.977963,49.81532,27.77746,0
-1.080981,-0.035303,0.127588,-16.403053,-2.847328,-19.970229,1.096275,0.23384,0.176488,49.906442,30.0087,37.53667,0
-0.932886,0.057617,-0.076025,-44.032824,14.835115,18.265649,0.996468,0.195419,0.294133,59.279065,22.330978,26.362946,0
-0.890991,-0.025952,0.043384,37.703053,-30.777099,-8.119084,0.913409,0.287492,0.11508,60.402388,40.27956,27.672789,0
-0.934082,0.073315,0.142651,-42.536641,13.670992,-0.269466,1.041811,0.26282,0.241955,75.672572,33.152606,46.652854,0
-1.021802,0.152612,-0.032666,29.562595,3,4.99313,1.062226,0.271509,0.207011,57.406423,51.823475,24.213721,0
-1.07981,-0.077686,0.085645,4.89542,-19.238931,-15.650382,1.112167,0.312977,0.240709,54.62128,30.618467,24.972944,0
-0.900171,-0.01687,-0.064771,-49.929771,30.935878,22.800763,1.019002,0.168885,0.256974,72.968998,44.620257,42.390519,0
-0.830103,0.099609,0.067529,31.831298,-19.647328,-0.277099,0.848752,0.322796,0.122522,62.513071,41.895298,27.960746,0
-0.980322,0.010181,0.135083,-33.91145,11.428244,-6.449618,1.072278,0.275654,0.210456,64.545251,41.332946,38.177441,0
-1.098267,0.147998,-0.060522,-8.645038,9.098473,8.152672,1.147781,0.348816,0.228971,45.904791,39.849097,20.192165,0
-0.918848,-0.072266,0.111646,21.580916,-38.210687,-10.305344,0.950294,0.247253,0.233773,76.182723,44.873441,20.059981,0
-0.914868,0.019727,-0.018188,-46.596947,27.958779,9.233588,0.998049,0.250273,0.248498,69.407549,41.779979,28.070708,0
-0.924878,0.093848,0.063892,42.255725,-11.314504,3.282443,0.978405,0.356382,0.166197,68.50658,52.606345,33.340889,0
-0.995898,-0.009033,0.167285,-37.959542,5.070992,2.220611,1.063996,0.236224,0.254334,62.033339,43.774176,35.672804,0
-1.07063,0.158179,-0.066406,-10.838931,14.412214,9.903053,1.137757,0.331054,0.228015,48.215171,42.883931,29.274742,0
-0.942334,0.028247,0.133569,14.822901,-36.768702,-21.296183,0.984252,0.300446,0.215574,51.116947,46.73831,35.356168,0
-0.912744,0.047754,-0.012378,-26.245802,28.028244,11.815267,1.006399,0.125013,0.179992,47.96853,35.989157,30.155288,0
-0.981592,0.087646,0.0375,54.423664,-13.396183,9.387023,1.043144,0.342097,0.173636,76.660741,52.999407,29.512967,0
-1.054688,0.053174,0.135742,-33.110687,6.416794,-9.51145,1.087456,0.303139,0.232377,43.657678,44.415227,23.277378,0
-1.017407,0.062964,-0.03335,-16.453435,26.703053,17.670229,1.09268,0.157026,0.248334,34.551728,36.914873,28.102237,0
-0.850098,0.00332,-0.005371,20.379389,-34.935115,-7.091603,0.863373,0.267336,0.082916,47.161894,49.713753,27.739966,0
-0.914111,0.128247,0.139746,-46.477863,11.681679,4.20687,0.978766,0.258183,0.221542,60.754174,41.522584,32.104174,0
-1.002881,0.14082,-0.017334,14.999237,9.090076,-5.479389,1.038283,0.257096,0.163966,40.044307,43.649642,27.358355,0
-1.026538,-0.030713,0.093311,-0.00229,-23.532824,-14.836641,1.056294,0.273329,0.201065,29.036104,34.945762,29.05846,0
-0.893042,0.006689,-0.046313,-21.89313,23.978626,15.329008,0.960912,0.077828,0.178594,48.087362,39.252314,27.192487,0
-0.880493,0.087183,0.015039,18.19084,-11.771756,7.267176,0.900621,0.193471,0.090982,44.074864,44.346086,33.715676,0
-1.043091,0.04353,0.157544,-25.751145,6.545802,-5.518321,1.102374,0.218855,0.204452,47.933122,37.861662,30.57043,0
-1.024658,0.096411,-0.056421,-8.896183,22.651908,11.865649,1.089542,0.199428,0.164543,43.550333,36.07599,22.408922,0
-0.855371,0.003589,0.024072,27.018321,-38.483206,-10.643511,0.881877,0.243327,0.128746,46.912719,48.62532,26.351906,0
-0.911475,0.102563,0.050806,-35.714504,21.10229,1.354962,0.995369,0.244481,0.212668,49.380668,37.625007,29.843562,0
-0.960449,0.167017,0.027026,25.714504,-3.441221,4.200763,1.011308,0.312409,0.163837,65.270047,60.712032,28.24656,0
-1.111572,-0.017261,0.146826,-11.147328,-2.462595,-11.332824,1.132663,0.307661,0.236455,29.795053,37.929979,24.09351,0
-0.879248,0.089526,-0.044409,-31.281679,26.538931,15.607634,0.950729,0.203209,0.118198,59.163249,42.371869,21.855813,0
-0.83728,0.012524,0.03064,33.899237,-27.726718,-8.259542,0.859121,0.338072,0.125425,61.546845,41.342122,25.764117,0
-0.922461,0.125903,0.159131,-41.20229,7.358015,2.922137,0.997235,0.229933,0.249109,54.363325,44.53129,29.229395,0
-0.994287,0.184058,-0.010815,8.503053,10.731298,-3.30916,1.024404,0.298025,0.141473,50.672252,49.606196,25.317795,0
-1.044653,-0.044458,0.098437,20.625954,-20.143511,-18.51374,1.068806,0.250041,0.185446,50.10038,29.371578,30.918729,0
-0.897192,-0.00127,-0.024609,-48.630534,28.454962,19.434351,0.970464,0.186947,0.188987,72.193984,41.723483,32.612576,0
-0.896606,0.069653,0.080518,34.591603,-10.842748,3.69313,0.909869,0.340843,0.147763,73.637784,51.716625,27.819942,0
-1.038306,-0.00354,0.140112,-33.945802,0.807634,-1.035878,1.070053,0.149149,0.249268,59.660343,40.05118,25.664942,0
-0.969971,0.130591,-0.020312,-18.664122,23.483206,13.934351,1.026286,0.234445,0.229574,58.982736,33.712678,24.205149,0
-0.867847,-0.010791,0.011475,44.114504,-35.359542,-8.948092,0.881648,0.307507,0.089561,65.048447,44.789403,22.705963,0
-0.910327,0.108154,0.146582,-47.127481,13.124427,0.222137,0.98693,0.187858,0.231641,56.891351,42.525564,30.730142,0
-1.055566,0.162671,0.000342,25.335115,0.057252,1.79313,1.124051,0.32807,0.256573,55.681955,52.419686,29.14185,0
-1.058179,-0.014673,0.110278,13.189313,-12.552672,-15.577099,1.087161,0.283352,0.223906,45.871372,27.899288,31.434919,0
-0.872827,-0.036255,-0.094897,-41.308397,26.208397,13.59542,0.940592,0.114499,0.226525,59.456206,38.714345,26.943821,0
-0.85,0.099829,0.085449,29.223664,-12.185496,1.30458,0.866645,0.369952,0.142496,64.808184,47.964783,27.579069,0
-0.995972,0.067261,0.126929,-18.367939,3.803053,-2.850382,1.054395,0.24095,0.192581,38.742156,40.598532,29.312505,0
-0.995068,0.160303,-0.024121,-23.5,22.570229,6.9,1.025108,0.282238,0.150898,41.739692,38.494546,21.179273,0
-0.915552,-0.093848,0.037354,31.598473,-30.368702,-8.351145,0.933801,0.225795,0.099204,55.356318,40.872999,31.541846,0
-0.88291,0.084204,0.077856,-42.012977,14.99771,2.40458,0.953133,0.168393,0.188148,60.248552,36.081931,31.036178,0
-0.948975,0.148096,-0.010425,26.338931,-0.987786,0.212977,0.994273,0.30461,0.203949,57.144606,52.691231,25.44135,0
-1.115112,-0.043262,0.118359,1.368702,-10.163359,-14.553435,1.136581,0.304035,0.226665,43.254896,29.61411,28.921185,0
-0.92041,0.089526,-0.031299,-36.581679,34.157252,22.123664,1.014441,0.262938,0.129731,60.434059,51.503816,31.531755,0
-0.811548,0.034814,0.02439,18.598473,-18.183969,-5.262595,0.833339,0.344449,0.133163,69.778303,40.286959,20.034042,0
-0.956616,0.018164,0.163257,-43.78626,2.61374,-1.818321,1.022118,0.302819,0.238547,72.52514,44.345019,39.238497,0
-1.075562,0.195288,-0.023755,7.772519,8.916031,8.799237,1.117008,0.329838,0.335021,39.489422,36.888585,24.085624,0
-0.918213,-0.068433,0.091528,22.231298,-32.487786,-10.174809,0.935938,0.287486,0.220023,76.169144,47.713579,20.955697,0
-0.904199,0.084814,0.071729,-38.989313,21.08626,1.99084,0.980364,0.282471,0.142997,71.44575,33.860561,34.196603,0
-0.984033,0.138867,0.035547,37.364122,0.287786,5.692366,1.039437,0.380088,0.181489,71.286914,52.22105,28.901313,0
-1.103955,-0.002197,0.117139,-7.79771,-9.574809,-11.561069,1.11999,0.313865,0.204478,32.78087,31.430494,29.820693,0
-0.896265,0.132935,-0.025586,-45.259542,31.732824,19.980916,0.959097,0.299204,0.160982,71.415238,46.227414,30.503629,0
-0.840796,0.034277,0.041699,41.834351,-19.60916,-3.084733,0.860395,0.344685,0.126294,84.441607,43.690396,26.843801,0
-0.954224,0.010962,0.138135,-44.760305,4.170229,-1.564122,1.040977,0.310252,0.209649,76.977508,41.456763,38.384327,0
-1.037622,0.225244,0.009277,3.554198,14.430534,7.10229,1.061177,0.315918,0.133399,34.7203,38.088468,21.393683,0
-0.924609,-0.061548,0.081641,20.324427,-30.143511,-8.50916,0.943272,0.221206,0.165059,55.860221,39.907662,25.910937,0
-0.887744,0.096558,0.094507,-43.084733,15.29084,4.861832,0.952344,0.218281,0.149691,61.588689,33.422636,32.754759,0
-0.991675,0.179468,0.00459,45.235115,-1.689313,2.949618,1.032957,0.364363,0.170175,66.554123,51.430353,23.308986,0
-1.072534,-0.032251,0.135547,-15.391603,-4.183206,-11.983206,1.086982,0.2726,0.241136,31.100579,31.431318,26.474713,0
-0.952173,0.106592,-0.075244,-21.529771,28.641985,20.600763,1.039173,0.210678,0.300363,61.095246,44.776783,27.093512,0
-0.853467,0.052075,0.035498,18.655725,-28.236641,-4.037405,0.875451,0.342123,0.17033,68.382295,46.802494,17.830168,0
-0.939136,0.077515,0.167871,-32.691603,11.048092,-2.98626,0.999615,0.237403,0.240593,57.573266,42.288534,35.60614,0
-1.063452,0.145874,-0.051538,4.207634,11.326718,-0.60687,1.093405,0.23334,0.212278,37.682766,49.239128,32.217339,0
-0.968213,-0.022168,0.113916,18.554198,-29.753435,-7.869466,0.99192,0.254432,0.201166,47.748738,38.685242,23.490584,0
-0.909692,-0.005957,0.013794,-43.084733,25.793893,14.440458,0.959945,0.152208,0.166577,66.772287,35.444814,28.588216,0
-0.955371,0.146313,0.030981,35.952672,-11.293893,3.276336,1.030336,0.395383,0.272757,66.488922,49.997523,25.932946,0
-1.100024,0.014111,0.125952,-13.189313,-1.943511,-18.149618,1.127425,0.290055,0.189051,38.681612,33.384884,34.098672,0
-0.906348,0.065186,-0.053809,-15.064122,29.269466,19.756489,0.970279,0.153117,0.166613,46.313794,41.942669,28.204927,0
-0.858838,0.008374,0.014648,17.345802,-27.68855,-3.248092,0.878192,0.252842,0.084077,56.903963,42.559016,31.269276,0
-0.95354,0.12085,0.150903,-28.774046,8.30229,-1.218321,1.003542,0.273619,0.213227,51.154469,42.663274,33.35783,0
-1.013525,0.167383,-0.036621,14.816794,7.450382,8.596947,1.047217,0.288871,0.247457,42.850846,43.103644,22.240116,0
-0.988452,0.012476,0.107446,3.526718,-28.418321,-9.512977,1.002768,0.328995,0.230197,58.275793,34.473264,25.863939,0
-0.898096,0.035034,-0.010791,-44.172519,27.576336,10.067939,0.956304,0.168571,0.180264,62.644511,41.342185,27.589476,0
-0.913086,0.178345,0.054004,47.360305,-8.822137,2.250382,0.953458,0.343938,0.145279,68.053429,58.092014,22.773358,0
-1.060913,0.020361,0.14375,-23.576336,4.19084,-18.871756,1.097135,0.375869,0.249563,55.244526,44.86878,34.849283,0
-0.9896,0.086597,-0.030225,-35.753435,21.128244,17.651908,1.059428,0.136949,0.224874,54.464339,37.826804,25.469135,0
-0.857129,-0.022046,-0.007861,48.538931,-35.077863,-5.835115,0.86811,0.333146,0.125324,82.932605,52.185125,20.53294,0
-0.921973,0.101904,0.160864,-39.1,14.916794,0.315267,1.003813,0.28382,0.224807,75.990089,41.353777,43.171542,0
-1.0448,0.14187,-0.046558,9.822901,5.638931,-1.452672,1.076528,0.290633,0.223723,37.969122,44.779149,29.400046,0
-1.008545,-0.033301,0.093433,16.971756,-21.674046,-21.521374,1.029914,0.235327,0.180545,35.423121,29.89298,39.511262,0
-0.873071,-0.034277,-0.076538,-43.484733,19.961832,19.340458,0.949444,0.172631,0.220752,71.698888,35.585918,36.752209,0
-0.949756,0.092578,0.092749,43.443511,-12.435115,7.975573,0.99772,0.321559,0.149521,70.279301,49.489493,30.116851,0
-1.071851,0.010645,0.144287,-25.452672,2.676336,-9.487786,1.092187,0.255038,0.23235,45.206592,40.301135,29.541757,0
-0.935669,0.067358,-0.085571,-17.181679,27.041221,15.393893,0.999823,0.150208,0.200229,49.736023,45.431052,23.591469,0
-0.864185,0.014917,0.022119,6.558779,-28.274046,-7.380916,0.878131,0.287607,0.101064,40.513391,38.369,24.45863,0
-0.941089,0.111987,0.135864,-32.637405,8.075573,-2.49542,1.011865,0.241518,0.206536,56.304662,35.66012,38.301289,0
-1.021875,0.17019,-0.047021,21.228244,7.039695,5.387023,1.051195,0.249345,0.178068,42.413494,45.661796,21.836608,0
-0.961621,-0.024683,0.068262,12.648855,-26.789313,-13.430534,0.97308,0.215914,0.162262,44.249619,35.495077,25.515613,0
-0.909937,0.023901,0.012085,-29.135115,23.100763,10.642748,0.974877,0.11357,0.170231,54.259075,37.473159,28.673181,0
-0.948022,0.165356,0.03313,37.974046,-8.01374,5.681679,0.98168,0.287655,0.179352,58.049059,44.222376,27.298101,0
-1.103979,0.007983,0.144971,-6.122137,-3.392366,-16.387786,1.11605,0.286224,0.235341,34.198848,32.870752,32.106146,0
-0.871313,0.075024,-0.097559,-21.39084,30.703053,17.098473,0.926245,0.17718,0.170922,50.783232,42.142064,25.892371,0
-0.876343,0.028442,0.041211,18.98855,-21.256489,-4.547328,0.891999,0.28568,0.14879,61.768203,37.480944,22.870272,0
-0.948218,0.096045,0.169849,-48.212977,10.770992,4.396183,1.017312,0.237866,0.224672,69.248352,44.781082,34.282939,0
-1.048047,0.156592,-0.064014,-2.035115,10.547328,1.825191,1.063005,0.272878,0.18041,24.754086,35.669773,20.785882,0
-0.960962,0.009375,0.091602,17.467176,-33.081679,-13.5,0.98634,0.275183,0.201812,55.869228,42.935705,24.944983,0
-0.898901,0.041333,0.021802,-27.820611,20.625954,9.901527,0.943239,0.141639,0.13712,53.684683,34.808829,24.369971,0
-0.960449,0.187305,0.057471,37.816031,-6.70916,1.922137,1.007315,0.291342,0.19099,50.906861,45.934647,22.171076,0
-1.108984,-0.026099,0.121167,-7.992366,-5.452672,-14.491603,1.121963,0.276124,0.220265,35.628342,36.789423,27.069148,0
-0.91936,0.076172,-0.068384,-25.784733,24.340458,17.699237,1.004331,0.150931,0.234273,55.743949,40.74275,24.850566,0
-0.862939,0.046436,0.031372,25.182443,-20.631298,-0.903817,0.87398,0.249983,0.10094,58.984465,35.769584,24.474586,0
-0.991333,0.027954,0.141357,-32.726718,8.772519,-6.770992,1.037361,0.228203,0.207114,51.198334,45.57779,30.302025,0
-0.995874,0.160229,-0.030103,-1.152672,15.268702,13.136641,1.045146,0.259163,0.158411,32.285714,36.736525,18.699955,0
-0.915527,-0.064624,0.020654,20.355725,-32.639695,-10.432824,0.925366,0.191159,0.106137,50.985368,46.610997,19.577178,0
-0.90752,0.07981,0.070874,-37.237405,13.535115,5.563359,0.953924,0.225579,0.189463,60.017317,34.240327,37.551049,0
-0.97605,0.160083,0.030493,14.570992,1.274809,0.951145,1.024853,0.257163,0.187139,46.363921,51.724344,23.510514,0
-1.085327,0.000171,0.100488,-2.948092,-13.320611,-19.532061,1.103891,0.284366,0.188075,35.585549,28.880253,33.495391,0
-0.88728,0.035718,-0.0802,-37.417557,25.90229,24.664122,0.942776,0.135616,0.196504,62.048104,41.443185,32.525105,0
-0.900781,0.100854,0.059424,34.024427,-21.047328,-0.035878,0.926277,0.300475,0.118847,59.752673,40.893653,24.963087,0
-0.999365,0.07688,0.142578,-21.368702,8.149618,-7.430534,1.053769,0.260339,0.214563,46.315673,43.233816,33.746388,0
-1.000439,0.133862,-0.021387,-3.468702,23.025954,11.461069,1.040658,0.275458,0.160013,40.176478,38.389517,18.722623,0
-0.912817,-0.054736,0.049023,14.578626,-40.605344,-8.692366,0.928621,0.192182,0.155343,49.316452,51.924774,19.578504,0
-0.892041,0.127881,0.083643,-34.529008,21.607634,4.439695,0.936229,0.253574,0.232414,52.030725,38.873067,26.212952,0
-0.974658,0.167554,0.033838,33.005344,-4.510687,2.587023,1.032263,0.304829,0.238104,66.208232,54.085759,23.718484,0
-1.101807,-0.001953,0.119336,-2.778626,-10.096183,-17.81145,1.121099,0.293682,0.223912,37.840636,36.442554,31.801398,0
-0.905981,0.055176,-0.059595,-28.444275,31.787023,20.956489,0.988337,0.142469,0.111627,47.552532,45.633791,28.251944,0
-0.880029,0.066455,0.025928,20.596183,-17.512977,0.794656,0.89208,0.207271,0.127921,48.030118,36.535823,28.052878,0
-0.978491,0.004761,0.133618,-41.759542,5.335878,-3.605344,1.022014,0.247563,0.194161,61.341411,44.072669,32.556216,0
-1.033228,0.153564,-0.029468,-10.081679,14.160305,7.377863,1.075729,0.278817,0.169446,32.357344,32.304407,17.484434,0
-0.906421,-0.04978,0.042187,21.567176,-35.083969,-10.964122,0.927364,0.202618,0.148523,46.141686,45.377115,22.042166,0
-0.890015,0.104077,0.065576,-33.264122,17.916794,3.106107,0.947233,0.194949,0.226499,46.588578,37.617293,29.541688,0
-0.990308,0.153467,0.004443,30.308397,0.364122,3.7,1.024784,0.210697,0.192204,50.933466,45.107739,23.925671,0
-1.06604,-0.013232,0.093335,2.264885,-15.487786,-13.28855,1.079594,0.223764,0.210602,29.463674,30.963015,25.699202,0
-0.929883,-0.006885,-0.033057,-43.512214,29.501527,17.541221,1.001702,0.107844,0.166212,54.584615,43.710277,25.391655,0
-0.846313,0.124854,0.049561,36.447328,-14.671756,3.646565,0.860794,0.329861,0.118176,60.171004,45.732194,23.206496,0
-1.034888,0.04021,0.128833,-34.49542,5.378626,-9.599237,1.06482,0.217325,0.208566,49.624579,45.548505,27.951858,0
-1.008228,0.118262,-0.043799,-10.877863,18.978626,12.647328,1.06779,0.253497,0.235983,37.364254,33.741,15.805308,0
-0.869507,-0.026221,-0.017627,29.535115,-33.461069,-7.993893,0.885088,0.224136,0.087789,53.166989,43.546026,22.169738,0
-0.905005,0.068555,0.149097,-46.21374,14.227481,-5.952672,0.976404,0.157626,0.214616,62.401597,45.324071,29.980078,0
-1.035938,0.138281,-0.0177,0.884733,6.306107,7.124427,1.053103,0.248965,0.217691,38.559542,43.566138,22.029249,0
-0.98689,0.010986,0.101294,18.447328,-26.103817,-12.810687,0.998833,0.244596,0.203696,45.005931,34.645101,29.519119,0
-0.921094,0.016943,0.006177,-34.094656,27.947328,12.39313,0.994372,0.141256,0.135729,58.144369,39.016365,29.160994,0
-0.932837,0.1052,0.027368,30.668702,-9.88855,6.89313,0.985787,0.245628,0.15243,53.16726,44.93446,28.582787,0
-1.103223,-0.004639,0.112207,-13.475573,-1.740458,-18.164885,1.119209,0.242652,0.184604,33.595539,35.985195,30.230069,0
-0.927881,0.090356,-0.074512,-17.169466,23.467176,20.50229,0.989992,0.173025,0.222187,64.715945,38.134139,29.819243,0
-0.869702,0.051636,0.037646,13.329008,-23.270992,-2.371756,0.88234,0.267282,0.114821,52.458645,41.487197,22.713596,0
-0.96394,0.049023,0.140112,-31.129771,4.643511,-3.417557,1.004069,0.308436,0.210387,70.212458,41.588105,36.846919,0
-1.017651,0.154395,-0.010059,-2.834351,19.384733,8.770229,1.060573,0.252383,0.14999,33.488195,34.792105,18.201226,0
-0.911108,-0.053711,0.033813,27.11374,-30.877099,-10.782443,0.924511,0.215366,0.097161,49.343962,43.598327,21.226311,0
-0.905566,0.103467,0.094531,-51.323664,10.50229,5.858015,0.954087,0.260448,0.186128,77.405909,35.942389,31.890517,0
-1.006812,0.16897,-0.012183,21.052672,7.466412,-1.289313,1.04967,0.237876,0.137214,45.551143,43.876086,24.522455,0
-0.998608,-0.014111,0.081641,1.283969,-22.261832,-11.059542,1.0101,0.272903,0.167567,26.347139,28.38315,25.954675,0
-0.921948,0.036401,-0.000732,-31.730534,25.929771,15.976336,0.971664,0.124894,0.113336,54.038396,35.545283,28.332745,0
-0.919873,0.123218,0.021362,26.022901,-8.30458,1.61374,0.952767,0.23628,0.124247,46.677562,46.279425,22.00343,0
-1.059619,-0.002246,0.11853,-17.49084,-0.782443,-14.054198,1.087482,0.262634,0.193194,35.375992,45.271476,30.257833,0
-0.923437,0.091455,-0.071313,-4.020611,24.09542,16.4,0.985302,0.262982,0.209055,44.230413,37.097189,25.151004,0
-0.866455,0.025439,-0.005371,15.528244,-28.69313,-1.799237,0.88044,0.258467,0.095784,47.202751,39.965402,20.003597,0
-0.950635,0.100269,0.187744,-40.89313,10.598473,-3.664122,0.988581,0.244527,0.267061,55.038472,46.854508,27.819426,0
-1.004614,0.158911,-0.032397,3.787786,12.230534,4.987786,1.038008,0.296626,0.133098,32.516887,43.016391,23.559787,0
-0.907349,-0.042798,0.064453,12.432824,-28.81145,-5.520611,0.919418,0.202543,0.173384,51.114425,38.175853,22.14308,0
-0.911157,0.089014,0.082715,-38.606107,18.038931,3.094656,0.960421,0.214198,0.157571,67.221499,36.217719,29.421113,0
-0.966431,0.165454,0.024756,38.554962,-2.768702,0.11145,0.998253,0.281305,0.149211,58.437834,46.379272,23.922094,0
-1.079126,-0.001465,0.136694,-8.767939,-11.058779,-14.29313,1.090269,0.195221,0.237727,24.243416,28.910845,23.905702,0
-0.897949,-0.015723,-0.079272,-31.540458,31.610687,14.838931,0.958693,0.090913,0.213104,50.160697,46.385433,20.249828,0
-0.881567,0.07876,0.051367,27.232824,-17.296947,7.79542,0.898314,0.25708,0.127503,57.4093,42.119917,32.314446,0
-1.026416,0.026758,0.149146,-32.010687,5.809924,-9.110687,1.06114,0.230764,0.217723,47.351753,41.387795,29.189329,0
-1.006177,0.105591,-0.046558,-6.609924,17.352672,13.522901,1.04994,0.151886,0.185153,40.59656,37.284014,20.782588,0
-0.865991,-0.015576,0.003198,11.858015,-29.453435,-8.383969,0.877637,0.19383,0.069834,35.410705,37.535889,20.342728,0
-0.927417,0.11438,0.15874,-32.508397,11.992366,1.394656,0.969594,0.230581,0.217548,53.773565,36.968642,31.707026,0
-1.034619,0.179248,-0.045239,12.752672,10.179389,3.556489,1.064335,0.275921,0.223189,34.462194,34.953091,20.916194,0
-0.961426,-0.040234,0.075073,13.09542,-30.639695,-8.912214,0.973733,0.201253,0.178456,48.156099,37.78842,23.753548,0
-0.895801,0.055444,0.04585,-32.834351,25.037405,6.819847,0.935755,0.169255,0.134732,54.500484,37.511632,26.537313,0
-0.943896,0.144995,-0.000781,27.730534,-3.267939,0.338168,0.982852,0.276964,0.162506,50.646232,47.325789,23.165572,0
-1.072656,0.006299,0.109644,-9.128244,-9.2,-12.677863,1.083258,0.264376,0.220174,30.536245,33.862791,28.289577,0
-0.907007,0.04978,-0.054663,-32.592366,26.029771,17.90687,0.958049,0.14502,0.213446,58.048039,40.46905,25.599459,0
-0.889966,0.105591,0.053589,34.165649,-16.98626,2.575573,0.912828,0.291573,0.11803,56.56736,37.293567,17.801238,0
-1.014917,0.06394,0.140332,-20.250382,2.676336,-8.338931,1.041962,0.195026,0.202304,36.541451,43.355637,23.813802,0
-1.023462,0.050171,-0.075024,-12.191603,25.793893,13.025191,1.061119,0.195736,0.221077,34.899088,33.227092,20.043098,0
-0.851636,0.030615,0.024243,9.636641,-30.29313,-6.319084,0.859996,0.314688,0.084332,66.889578,40.801768,26.481719,0
-0.937695,0.128394,0.177441,-36.942748,13.626718,-1.345802,1.004419,0.242513,0.249901,60.892189,42.806448,30.29871,0
-1.051074,0.136426,-0.038477,13.256489,7.482443,-0.175573,1.093152,0.343875,0.270328,37.863713,36.931266,25.025203,0
-0.947241,-0.047705,0.082935,5.218321,-27.461069,-9.273282,0.959399,0.228212,0.192891,53.628046,37.092573,22.065193,0
-0.903906,0.058105,0.062231,-32.354962,18.822137,6.954198,0.943729,0.220364,0.134313,63.75638,32.816473,30.85021,0
-0.993042,0.172363,0.023877,28.400763,0.341221,-0.698473,1.02788,0.303595,0.200402,56.851271,39.7304,27.285208,0
-1.047852,-0.012622,0.11062,0.185496,-15.561069,-12.429771,1.057625,0.244399,0.23154,29.868578,29.191195,27.483224,0
-0.88938,0.024048,0.000342,-49.394656,23.493893,16.505344,0.920278,0.194228,0.148329,68.322776,37.596377,27.550075,0
-0.910937,0.102954,0.023828,28.199237,-12.371756,5.814504,0.924147,0.240329,0.133196,48.023085,38.000446,27.065289,0
-1.076196,0.023242,0.16604,-13.715267,-2.827481,-9.534351,1.083653,0.184178,0.240992,31.609981,36.671918,25.010295,0
-0.934717,0.098218,-0.0823,-9.854962,29.057252,13.851145,0.980481,0.16306,0.183578,51.995256,42.787563,19.69959,0
-0.85769,0.06355,0.030249,1.001527,-17.891603,-1.970992,0.868069,0.213671,0.103118,44.429093,32.160744,22.823902,0
-0.996191,0.040723,0.132593,-36.80458,2.470229,-6.516031,1.036778,0.213568,0.206141,55.601376,43.050876,32.013099,0
-1.021118,0.11604,-0.018213,-8.268702,16.598473,13.346565,1.046833,0.209544,0.161542,35.4056,35.15829,19.81243,0
-0.88269,-0.02041,0.004541,15.20916,-29.685496,-10.177863,0.89442,0.212383,0.072059,38.674911,38.014526,24.632777,0
-0.902075,0.126685,0.125488,-22.28855,13.087786,0.518321,0.947302,0.240237,0.204645,49.247244,35.517247,30.183483,0
-1.028857,0.200439,0.016455,12.751908,6.846565,6.19771,1.066415,0.33245,0.197434,47.403715,46.426032,22.01947,0
-0.99082,0.00647,0.105542,-0.723664,-26.006107,-11.640458,1.004798,0.264261,0.256688,47.44012,37.407577,21.649134,0
-0.907251,0.047681,0.002124,-24.222901,26.648855,8.083969,0.960417,0.132807,0.157938,43.545637,39.325296,27.245869,0
-0.922119,0.145264,0.018628,34.258015,-3.815267,4.816794,0.94458,0.276746,0.162417,61.106293,51.343924,22.569039,0
-1.070508,0.001514,0.095557,-14.544275,-12.233588,-13.025954,1.077302,0.228743,0.225892,24.780119,40.587597,23.212971,0
-0.898145,0.064844,-0.080762,-36.887786,30.516031,17.877099,0.931411,0.169563,0.196594,66.800836,42.537696,23.531705,0
-0.89021,0.04502,0.029858,21.805344,-20.125191,0.141221,0.906698,0.301634,0.120029,56.243032,43.395388,24.958204,0
-0.994873,0.053931,0.141187,-23.503817,4.29084,-12.638931,1.038585,0.270976,0.205553,50.104275,37.0373,37.341276,0
-1.014917,0.084473,-0.004736,-6.643511,20.003817,14.357252,1.081172,0.187241,0.239693,52.513984,38.949304,21.848203,0
-0.83186,0.00542,-0.006519,28.964885,-30.640458,-4.976336,0.845129,0.264389,0.075418,65.634847,38.915878,18.695009,0
-0.94563,0.124512,0.162915,-17.879389,12.99313,-5.336641,0.972634,0.250319,0.236028,44.622691,40.36261,29.546769,0
-1.045483,0.131616,-0.047827,10.60229,12.834351,8.151145,1.084694,0.22784,0.165655,37.620072,40.044089,21.946358,0
-0.934326,-0.030566,0.032129,18.529771,-21.112214,0.480916,0.945466,0.128421,0.115352,43.111072,35.527187,19.654994,0
-0.94165,0.209375,0.116699,-0.067176,8.175573,-1.451145,0.961815,0.337192,0.182664,58.440238,21.231289,20.361077,0
